"species","month","ind","photo_set","center_pos","corner_pos","random_pos"
"achmil","may",1,1,6,1,3
"gaiari","november",2,1,7,4,10
"linlew","september",3,1,10,17,17
"elytra","july",4,1,11,20,20
"poasec","september",5,2,6,1,2
"ratcol","june",6,2,7,4,13
"ratcol","june",7,2,10,17,3
"achmil","november",8,2,11,20,16
"vendub","april",9,3,6,1,9
"vendub","september",10,3,7,4,16
"poasec","july",11,3,10,17,10
"centsto","september",12,3,11,20,17
"linlew","may",13,4,6,1,14
"linlew","june",14,4,7,4,9
"gaiari","july",15,4,10,17,3
"poasec","november",16,4,11,20,4
"achmil","august",17,5,6,1,1
"vendub","november",18,5,7,4,17
"linlew","july",19,5,10,17,6
"achmil","september",20,5,11,20,10
"brotec","august",21,6,6,1,7
"psespi","august",22,6,7,4,16
"linlew","august",23,6,10,17,18
"centsto","august",24,6,11,20,4
"achmil","november",25,7,6,1,12
"centsto","july",26,7,7,4,7
"gaiari","april",27,7,10,17,15
"psespi","april",28,7,11,20,6
"gaiari","september",29,8,6,1,19
"poasec","november",30,8,7,4,18
"poasec","april",31,8,10,17,20
"achmil","june",32,8,11,20,14
"linlew","august",33,9,6,1,6
"ratcol","april",34,9,7,4,20
"vendub","may",35,9,10,17,16
"brotec","august",36,9,11,20,11
"poasec","november",37,10,6,1,17
"elytra","august",38,10,7,4,8
"linlew","november",39,10,10,17,7
"brotec","june",40,10,11,20,4
"vendub","september",41,11,6,1,12
"elytra","june",42,11,7,4,13
"linlew","april",43,11,10,17,18
"psespi","september",44,11,11,20,17
"brotec","july",45,12,6,1,1
"centsto","may",46,12,7,4,6
"vendub","june",47,12,10,17,2
"brotec","september",48,12,11,20,10
"gaiari","april",49,13,6,1,18
"ratcol","june",50,13,7,4,1
"achmil","may",51,13,10,17,20
"psespi","may",52,13,11,20,2
"linlew","november",53,14,6,1,10
"linlew","may",54,14,7,4,11
"gaiari","august",55,14,10,17,8
"brotec","june",56,14,11,20,2
"vendub","july",57,15,6,1,14
"elytra","july",58,15,7,4,4
"elytra","september",59,15,10,17,18
"psespi","september",60,15,11,20,12
"elytra","september",61,16,6,1,4
"achmil","november",62,16,7,4,17
"ratcol","september",63,16,10,17,10
"psespi","june",64,16,11,20,1
"poasec","november",65,17,6,1,14
"achmil","april",66,17,7,4,5
"ratcol","september",67,17,10,17,13
"elytra","june",68,17,11,20,15
"achmil","may",69,18,6,1,20
"linlew","may",70,18,7,4,6
"vendub","april",71,18,10,17,9
"brotec","june",72,18,11,20,7
"poasec","september",73,19,6,1,12
"linlew","april",74,19,7,4,19
"ratcol","april",75,19,10,17,18
"achmil","november",76,19,11,20,20
"elytra","june",77,20,6,1,7
"poasec","november",78,20,7,4,4
"brotec","june",79,20,10,17,11
"vendub","august",80,20,11,20,2
"gaiari","august",81,21,6,1,3
"brotec","november",82,21,7,4,20
"psespi","may",83,21,10,17,5
"vendub","july",84,21,11,20,18
"linlew","july",85,22,6,1,15
"psespi","august",86,22,7,4,4
"gaiari","july",87,22,10,17,2
"centsto","september",88,22,11,20,6
"poasec","may",89,23,6,1,3
"psespi","june",90,23,7,4,10
"gaiari","september",91,23,10,17,18
"brotec","september",92,23,11,20,19
"poasec","june",93,24,6,1,2
"poasec","june",94,24,7,4,20
"elytra","september",95,24,10,17,1
"psespi","august",96,24,11,20,8
"centsto","august",97,25,6,1,18
"vendub","november",98,25,7,4,4
"linlew","september",99,25,10,17,6
"centsto","may",100,25,11,20,9
"elytra","september",101,26,6,1,13
"ratcol","june",102,26,7,4,14
"gaiari","june",103,26,10,17,20
"gaiari","september",104,26,11,20,7
"linlew","april",105,27,6,1,4
"achmil","april",106,27,7,4,9
"brotec","september",107,27,10,17,19
"linlew","july",108,27,11,20,2
"linlew","september",109,28,6,1,12
"brotec","july",110,28,7,4,9
"gaiari","may",111,28,10,17,19
"vendub","june",112,28,11,20,18
"vendub","july",113,29,6,1,8
"achmil","july",114,29,7,4,10
"psespi","june",115,29,10,17,2
"brotec","august",116,29,11,20,18
"elytra","august",117,30,6,1,5
"elytra","november",118,30,7,4,10
"ratcol","april",119,30,10,17,2
"vendub","july",120,30,11,20,6
"achmil","july",121,31,6,1,4
"poasec","april",122,31,7,4,10
"linlew","september",123,31,10,17,8
"elytra","april",124,31,11,20,16
"linlew","november",125,32,6,1,2
"achmil","september",126,32,7,4,12
"ratcol","may",127,32,10,17,16
"psespi","august",128,32,11,20,14
"brotec","june",129,33,6,1,1
"achmil","may",130,33,7,4,17
"vendub","may",131,33,10,17,18
"psespi","april",132,33,11,20,9
"achmil","august",133,34,6,1,6
"centsto","august",134,34,7,4,8
"centsto","may",135,34,10,17,19
"vendub","june",136,34,11,20,10
"brotec","may",137,35,6,1,18
"vendub","september",138,35,7,4,16
"psespi","november",139,35,10,17,8
"linlew","september",140,35,11,20,11
"elytra","november",141,36,6,1,15
"poasec","november",142,36,7,4,7
"elytra","july",143,36,10,17,3
"ratcol","november",144,36,11,20,1
"poasec","september",145,37,6,1,19
"psespi","november",146,37,7,4,4
"ratcol","july",147,37,10,17,10
"linlew","april",148,37,11,20,6
"elytra","november",149,38,6,1,4
"poasec","september",150,38,7,4,8
"elytra","april",151,38,10,17,16
"ratcol","may",152,38,11,20,7
"ratcol","september",153,39,6,1,1
"ratcol","august",154,39,7,4,16
"psespi","may",155,39,10,17,2
"vendub","april",156,39,11,20,8
"elytra","november",157,40,6,1,13
"vendub","july",158,40,7,4,3
"brotec","august",159,40,10,17,16
"brotec","june",160,40,11,20,20
"vendub","september",161,41,6,1,12
"centsto","november",162,41,7,4,5
"centsto","august",163,41,10,17,4
"achmil","september",164,41,11,20,16
"vendub","april",165,42,6,1,19
"ratcol","august",166,42,7,4,12
"brotec","june",167,42,10,17,16
"linlew","april",168,42,11,20,1
"achmil","april",169,43,6,1,20
"achmil","july",170,43,7,4,17
"psespi","november",171,43,10,17,16
"vendub","july",172,43,11,20,6
"gaiari","november",173,44,6,1,5
"vendub","june",174,44,7,4,2
"brotec","april",175,44,10,17,7
"ratcol","june",176,44,11,20,14
"achmil","august",177,45,6,1,15
"achmil","september",178,45,7,4,16
"poasec","august",179,45,10,17,7
"achmil","november",180,45,11,20,4
"linlew","november",181,46,6,1,4
"vendub","august",182,46,7,4,10
"achmil","april",183,46,10,17,19
"achmil","may",184,46,11,20,1
"brotec","april",185,47,6,1,14
"brotec","april",186,47,7,4,4
"gaiari","june",187,47,10,17,8
"psespi","april",188,47,11,20,11
"psespi","june",189,48,6,1,6
"poasec","may",190,48,7,4,17
"linlew","november",191,48,10,17,12
"centsto","july",192,48,11,20,1
"centsto","may",193,49,6,1,3
"elytra","november",194,49,7,4,6
"poasec","september",195,49,10,17,2
"linlew","september",196,49,11,20,8
"linlew","april",197,50,6,1,2
"brotec","november",198,50,7,4,14
"centsto","september",199,50,10,17,17
"poasec","may",200,50,11,20,6
"elytra","june",201,51,6,1,4
"vendub","september",202,51,7,4,7
"poasec","may",203,51,10,17,18
"linlew","september",204,51,11,20,16
"brotec","august",205,52,6,1,1
"brotec","august",206,52,7,4,6
"gaiari","april",207,52,10,17,8
"elytra","august",208,52,11,20,3
"gaiari","july",209,53,6,1,6
"centsto","april",210,53,7,4,16
"ratcol","september",211,53,10,17,2
"poasec","august",212,53,11,20,14
"gaiari","july",213,54,6,1,6
"gaiari","august",214,54,7,4,1
"elytra","august",215,54,10,17,4
"linlew","may",216,54,11,20,11
"achmil","august",217,55,6,1,15
"achmil","may",218,55,7,4,2
"linlew","august",219,55,10,17,1
"vendub","may",220,55,11,20,10
"brotec","june",221,56,6,1,12
"gaiari","september",222,56,7,4,6
"elytra","june",223,56,10,17,14
"centsto","november",224,56,11,20,1
"achmil","july",225,57,6,1,18
"linlew","september",226,57,7,4,7
"poasec","april",227,57,10,17,11
"vendub","april",228,57,11,20,19
"poasec","august",229,58,6,1,14
"gaiari","may",230,58,7,4,18
"ratcol","june",231,58,10,17,5
"psespi","august",232,58,11,20,20
"brotec","november",233,59,6,1,12
"poasec","june",234,59,7,4,8
"elytra","november",235,59,10,17,7
"elytra","july",236,59,11,20,4
"poasec","august",237,60,6,1,1
"ratcol","august",238,60,7,4,2
"linlew","june",239,60,10,17,20
"psespi","july",240,60,11,20,5
"achmil","august",241,61,6,1,11
"linlew","august",242,61,7,4,8
"ratcol","april",243,61,10,17,9
"gaiari","april",244,61,11,20,16
"vendub","august",245,62,6,1,13
"brotec","november",246,62,7,4,17
"centsto","april",247,62,10,17,14
"vendub","november",248,62,11,20,11
"centsto","may",249,63,6,1,17
"ratcol","may",250,63,7,4,10
"vendub","june",251,63,10,17,18
"elytra","september",252,63,11,20,14
"achmil","april",253,64,6,1,12
"ratcol","november",254,64,7,4,9
"linlew","may",255,64,10,17,4
"linlew","april",256,64,11,20,17
"gaiari","june",257,65,6,1,11
"ratcol","august",258,65,7,4,4
"psespi","july",259,65,10,17,9
"gaiari","may",260,65,11,20,17
"linlew","july",261,66,6,1,12
"elytra","september",262,66,7,4,9
"gaiari","september",263,66,10,17,16
"vendub","april",264,66,11,20,13
"ratcol","may",265,67,6,1,7
"centsto","september",266,67,7,4,3
"psespi","november",267,67,10,17,12
"vendub","june",268,67,11,20,16
"linlew","may",269,68,6,1,1
"centsto","may",270,68,7,4,11
"poasec","august",271,68,10,17,20
"poasec","may",272,68,11,20,5
"gaiari","april",273,69,6,1,16
"centsto","july",274,69,7,4,3
"psespi","july",275,69,10,17,15
"linlew","april",276,69,11,20,8
"achmil","may",277,70,6,1,17
"elytra","june",278,70,7,4,5
"poasec","may",279,70,10,17,9
"achmil","august",280,70,11,20,10
"elytra","april",281,71,6,1,13
"vendub","november",282,71,7,4,5
"ratcol","august",283,71,10,17,1
"gaiari","november",284,71,11,20,12
"achmil","november",285,72,6,1,20
"linlew","july",286,72,7,4,13
"ratcol","september",287,72,10,17,2
"ratcol","september",288,72,11,20,10
"gaiari","november",289,73,6,1,5
"poasec","july",290,73,7,4,3
"poasec","november",291,73,10,17,20
"brotec","april",292,73,11,20,13
"gaiari","april",293,74,6,1,13
"centsto","september",294,74,7,4,15
"vendub","september",295,74,10,17,6
"gaiari","april",296,74,11,20,1
"ratcol","july",297,75,6,1,10
"achmil","july",298,75,7,4,18
"psespi","september",299,75,10,17,11
"brotec","june",300,75,11,20,15
"poasec","november",301,76,6,1,7
"poasec","august",302,76,7,4,3
"gaiari","april",303,76,10,17,5
"gaiari","august",304,76,11,20,15
"ratcol","june",305,77,6,1,19
"gaiari","july",306,77,7,4,7
"centsto","september",307,77,10,17,16
"brotec","may",308,77,11,20,5
"psespi","may",309,78,6,1,16
"psespi","june",310,78,7,4,19
"elytra","may",311,78,10,17,10
"vendub","july",312,78,11,20,1
"elytra","july",313,79,6,1,20
"elytra","august",314,79,7,4,4
"psespi","july",315,79,10,17,9
"gaiari","november",316,79,11,20,5
"psespi","may",317,80,6,1,7
"ratcol","november",318,80,7,4,1
"psespi","november",319,80,10,17,2
"gaiari","august",320,80,11,20,11
"ratcol","september",321,81,6,1,1
"elytra","june",322,81,7,4,13
"achmil","september",323,81,10,17,10
"brotec","august",324,81,11,20,4
"psespi","april",325,82,6,1,4
"brotec","november",326,82,7,4,2
"psespi","july",327,82,10,17,16
"achmil","july",328,82,11,20,18
"poasec","june",329,83,6,1,8
"ratcol","may",330,83,7,4,3
"poasec","november",331,83,10,17,18
"centsto","april",332,83,11,20,11
"centsto","june",333,84,6,1,17
"centsto","november",334,84,7,4,16
"achmil","august",335,84,10,17,2
"gaiari","july",336,84,11,20,8
"elytra","august",337,85,6,1,5
"vendub","july",338,85,7,4,12
"vendub","april",339,85,10,17,15
"elytra","november",340,85,11,20,2
"gaiari","september",341,86,6,1,15
"psespi","november",342,86,7,4,5
"vendub","august",343,86,10,17,9
"centsto","may",344,86,11,20,20
"brotec","november",345,87,6,1,7
"gaiari","june",346,87,7,4,9
"elytra","june",347,87,10,17,19
"centsto","april",348,87,11,20,11
"ratcol","july",349,88,6,1,10
"linlew","november",350,88,7,4,17
"achmil","september",351,88,10,17,20
"linlew","july",352,88,11,20,15
"centsto","april",353,89,6,1,7
"achmil","june",354,89,7,4,17
"ratcol","july",355,89,10,17,12
"elytra","may",356,89,11,20,5
"vendub","september",357,90,6,1,3
"achmil","november",358,90,7,4,18
"brotec","august",359,90,10,17,14
"elytra","may",360,90,11,20,7
"centsto","april",361,91,6,1,13
"psespi","april",362,91,7,4,3
"gaiari","september",363,91,10,17,2
"elytra","august",364,91,11,20,11
"elytra","november",365,92,6,1,10
"vendub","november",366,92,7,4,16
"centsto","september",367,92,10,17,3
"poasec","april",368,92,11,20,4
"elytra","june",369,93,6,1,7
"achmil","june",370,93,7,4,10
"ratcol","may",371,93,10,17,17
"psespi","may",372,93,11,20,11
"vendub","november",373,94,6,1,14
"gaiari","july",374,94,7,4,3
"psespi","june",375,94,10,17,20
"brotec","july",376,94,11,20,17
"poasec","september",377,95,6,1,5
"linlew","november",378,95,7,4,3
"achmil","november",379,95,10,17,14
"linlew","july",380,95,11,20,17
"poasec","may",381,96,6,1,11
"vendub","june",382,96,7,4,1
"brotec","september",383,96,10,17,9
"brotec","june",384,96,11,20,3
"ratcol","november",385,97,6,1,20
"elytra","november",386,97,7,4,12
"achmil","august",387,97,10,17,19
"poasec","november",388,97,11,20,16
"centsto","july",389,98,6,1,9
"achmil","june",390,98,7,4,20
"gaiari","july",391,98,10,17,15
"linlew","november",392,98,11,20,14
"ratcol","august",393,99,6,1,3
"elytra","april",394,99,7,4,8
"elytra","september",395,99,10,17,16
"vendub","september",396,99,11,20,1
"brotec","july",397,100,6,1,11
"ratcol","august",398,100,7,4,1
"elytra","september",399,100,10,17,15
"centsto","august",400,100,11,20,7
"linlew","may",401,101,6,1,11
"brotec","july",402,101,7,4,5
"poasec","june",403,101,10,17,16
"brotec","april",404,101,11,20,17
"brotec","june",405,102,6,1,17
"centsto","september",406,102,7,4,8
"psespi","november",407,102,10,17,3
"psespi","april",408,102,11,20,19
"psespi","june",409,103,6,1,14
"brotec","july",410,103,7,4,16
"vendub","july",411,103,10,17,19
"psespi","april",412,103,11,20,3
"brotec","august",413,104,6,1,14
"centsto","june",414,104,7,4,17
"achmil","september",415,104,10,17,19
"achmil","june",416,104,11,20,13
"vendub","november",417,105,6,1,20
"gaiari","september",418,105,7,4,2
"linlew","november",419,105,10,17,16
"gaiari","august",420,105,11,20,14
"linlew","august",421,106,6,1,5
"brotec","april",422,106,7,4,9
"elytra","august",423,106,10,17,18
"elytra","september",424,106,11,20,10
"linlew","november",425,107,6,1,20
"brotec","may",426,107,7,4,18
"linlew","may",427,107,10,17,2
"psespi","may",428,107,11,20,4
"centsto","july",429,108,6,1,9
"linlew","july",430,108,7,4,15
"vendub","november",431,108,10,17,2
"linlew","july",432,108,11,20,4
"linlew","july",433,109,6,1,12
"vendub","september",434,109,7,4,18
"achmil","may",435,109,10,17,11
"psespi","november",436,109,11,20,7
"gaiari","august",437,110,6,1,4
"achmil","may",438,110,7,4,10
"vendub","november",439,110,10,17,12
"centsto","july",440,110,11,20,16
"elytra","may",441,111,6,1,2
"elytra","august",442,111,7,4,18
"elytra","june",443,111,10,17,12
"psespi","september",444,111,11,20,6
"linlew","august",445,112,6,1,10
"ratcol","november",446,112,7,4,17
"poasec","june",447,112,10,17,8
"poasec","june",448,112,11,20,7
"brotec","june",449,113,6,1,14
"elytra","july",450,113,7,4,11
"brotec","june",451,113,10,17,10
"centsto","september",452,113,11,20,15
"vendub","june",453,114,6,1,11
"ratcol","july",454,114,7,4,14
"ratcol","july",455,114,10,17,10
"linlew","september",456,114,11,20,15
"linlew","july",457,115,6,1,18
"vendub","june",458,115,7,4,1
"poasec","november",459,115,10,17,17
"vendub","april",460,115,11,20,9
"gaiari","november",461,116,6,1,7
"brotec","april",462,116,7,4,4
"gaiari","november",463,116,10,17,20
"poasec","august",464,116,11,20,2
"brotec","may",465,117,6,1,20
"gaiari","may",466,117,7,4,16
"ratcol","april",467,117,10,17,13
"achmil","april",468,117,11,20,17
"centsto","june",469,118,6,1,7
"centsto","november",470,118,7,4,2
"linlew","may",471,118,10,17,13
"brotec","may",472,118,11,20,20
"linlew","july",473,119,6,1,4
"poasec","may",474,119,7,4,3
"psespi","november",475,119,10,17,17
"vendub","april",476,119,11,20,13
"centsto","june",477,120,6,1,4
"elytra","november",478,120,7,4,16
"vendub","june",479,120,10,17,8
"psespi","august",480,120,11,20,3
"elytra","may",481,121,6,1,17
"gaiari","november",482,121,7,4,13
"ratcol","september",483,121,10,17,10
"brotec","september",484,121,11,20,5
"ratcol","september",485,122,6,1,2
"linlew","april",486,122,7,4,10
"linlew","may",487,122,10,17,4
"linlew","july",488,122,11,20,11
"poasec","july",489,123,6,1,2
"gaiari","august",490,123,7,4,14
"poasec","june",491,123,10,17,4
"psespi","november",492,123,11,20,1
"centsto","july",493,124,6,1,14
"ratcol","april",494,124,7,4,20
"achmil","november",495,124,10,17,6
"brotec","july",496,124,11,20,2
"psespi","august",497,125,6,1,4
"elytra","august",498,125,7,4,17
"poasec","april",499,125,10,17,15
"brotec","november",500,125,11,20,16
"gaiari","may",501,126,6,1,12
"brotec","april",502,126,7,4,8
"brotec","may",503,126,10,17,2
"vendub","august",504,126,11,20,15
"vendub","july",505,127,6,1,16
"gaiari","april",506,127,7,4,17
"elytra","august",507,127,10,17,3
"gaiari","may",508,127,11,20,2
"vendub","november",509,128,6,1,11
"elytra","september",510,128,7,4,1
"psespi","june",511,128,10,17,10
"ratcol","may",512,128,11,20,19
"vendub","july",513,129,6,1,15
"centsto","september",514,129,7,4,18
"poasec","may",515,129,10,17,4
"vendub","november",516,129,11,20,2
"centsto","may",517,130,6,1,10
"gaiari","july",518,130,7,4,1
"psespi","july",519,130,10,17,19
"psespi","june",520,130,11,20,8
"elytra","november",521,131,6,1,19
"vendub","june",522,131,7,4,8
"ratcol","august",523,131,10,17,1
"gaiari","september",524,131,11,20,10
"gaiari","november",525,132,6,1,16
"gaiari","november",526,132,7,4,7
"gaiari","may",527,132,10,17,6
"achmil","august",528,132,11,20,14
"brotec","september",529,133,6,1,10
"elytra","july",530,133,7,4,4
"elytra","may",531,133,10,17,11
"centsto","april",532,133,11,20,12
"poasec","july",533,134,6,1,12
"gaiari","april",534,134,7,4,6
"psespi","may",535,134,10,17,5
"elytra","august",536,134,11,20,16
"elytra","may",537,135,6,1,15
"psespi","september",538,135,7,4,19
"poasec","may",539,135,10,17,9
"linlew","april",540,135,11,20,1
"elytra","august",541,136,6,1,18
"brotec","june",542,136,7,4,10
"achmil","november",543,136,10,17,17
"poasec","september",544,136,11,20,6
"brotec","april",545,137,6,1,11
"linlew","november",546,137,7,4,20
"elytra","may",547,137,10,17,7
"gaiari","august",548,137,11,20,14
"linlew","november",549,138,6,1,19
"linlew","july",550,138,7,4,6
"gaiari","september",551,138,10,17,2
"ratcol","august",552,138,11,20,13
"centsto","july",553,139,6,1,12
"brotec","july",554,139,7,4,15
"achmil","july",555,139,10,17,2
"elytra","june",556,139,11,20,6
"elytra","august",557,140,6,1,16
"elytra","july",558,140,7,4,15
"vendub","may",559,140,10,17,9
"centsto","july",560,140,11,20,2
"gaiari","november",561,141,6,1,15
"gaiari","september",562,141,7,4,8
"poasec","april",563,141,10,17,5
"achmil","august",564,141,11,20,7
"poasec","september",565,142,6,1,18
"achmil","july",566,142,7,4,17
"vendub","april",567,142,10,17,13
"linlew","september",568,142,11,20,14
"ratcol","june",569,143,6,1,20
"centsto","august",570,143,7,4,2
"ratcol","november",571,143,10,17,6
"vendub","june",572,143,11,20,11
"achmil","june",573,144,6,1,11
"achmil","may",574,144,7,4,20
"brotec","may",575,144,10,17,7
"psespi","july",576,144,11,20,18
"linlew","july",577,145,6,1,7
"ratcol","july",578,145,7,4,19
"psespi","november",579,145,10,17,10
"gaiari","november",580,145,11,20,16
"elytra","july",581,146,6,1,11
"linlew","may",582,146,7,4,1
"poasec","august",583,146,10,17,12
"gaiari","september",584,146,11,20,19
"ratcol","april",585,147,6,1,20
"centsto","september",586,147,7,4,5
"elytra","july",587,147,10,17,17
"brotec","may",588,147,11,20,1
"poasec","july",589,148,6,1,19
"ratcol","november",590,148,7,4,2
"ratcol","may",591,148,10,17,1
"achmil","september",592,148,11,20,9
"poasec","april",593,149,6,1,2
"elytra","november",594,149,7,4,10
"brotec","july",595,149,10,17,13
"elytra","april",596,149,11,20,20
"elytra","august",597,150,6,1,20
"brotec","november",598,150,7,4,13
"ratcol","july",599,150,10,17,19
"gaiari","november",600,150,11,20,18
"achmil","april",601,151,6,1,9
"ratcol","july",602,151,7,4,12
"centsto","july",603,151,10,17,3
"gaiari","may",604,151,11,20,6
"achmil","april",605,152,6,1,13
"centsto","july",606,152,7,4,16
"centsto","november",607,152,10,17,3
"achmil","april",608,152,11,20,14
"ratcol","april",609,153,6,1,14
"ratcol","july",610,153,7,4,20
"poasec","august",611,153,10,17,17
"brotec","april",612,153,11,20,9
"elytra","june",613,154,6,1,19
"vendub","november",614,154,7,4,16
"elytra","november",615,154,10,17,4
"brotec","september",616,154,11,20,12
"achmil","april",617,155,6,1,3
"gaiari","may",618,155,7,4,14
"elytra","july",619,155,10,17,13
"achmil","july",620,155,11,20,19
"linlew","may",621,156,6,1,18
"gaiari","may",622,156,7,4,10
"vendub","november",623,156,10,17,19
"elytra","june",624,156,11,20,16
"poasec","may",625,157,6,1,13
"ratcol","august",626,157,7,4,12
"poasec","july",627,157,10,17,9
"vendub","august",628,157,11,20,10
"ratcol","september",629,158,6,1,20
"brotec","september",630,158,7,4,10
"elytra","may",631,158,10,17,2
"centsto","june",632,158,11,20,6
"linlew","november",633,159,6,1,2
"brotec","august",634,159,7,4,13
"centsto","september",635,159,10,17,15
"centsto","may",636,159,11,20,11
"achmil","april",637,160,6,1,7
"gaiari","may",638,160,7,4,14
"psespi","november",639,160,10,17,18
"ratcol","september",640,160,11,20,6
"vendub","may",641,161,6,1,2
"gaiari","may",642,161,7,4,16
"centsto","november",643,161,10,17,18
"ratcol","june",644,161,11,20,9
"poasec","june",645,162,6,1,9
"achmil","september",646,162,7,4,1
"psespi","july",647,162,10,17,2
"vendub","may",648,162,11,20,6
"ratcol","april",649,163,6,1,18
"achmil","may",650,163,7,4,3
"centsto","september",651,163,10,17,17
"elytra","september",652,163,11,20,2
"vendub","august",653,164,6,1,2
"psespi","april",654,164,7,4,6
"achmil","april",655,164,10,17,19
"elytra","may",656,164,11,20,14
"brotec","august",657,165,6,1,1
"ratcol","september",658,165,7,4,4
"poasec","july",659,165,10,17,13
"achmil","july",660,165,11,20,15
"gaiari","june",661,166,6,1,11
"centsto","april",662,166,7,4,7
"elytra","august",663,166,10,17,12
"psespi","august",664,166,11,20,4
"linlew","august",665,167,6,1,3
"vendub","july",666,167,7,4,17
"brotec","april",667,167,10,17,6
"linlew","june",668,167,11,20,2
"ratcol","may",669,168,6,1,6
"linlew","november",670,168,7,4,15
"psespi","may",671,168,10,17,14
"vendub","may",672,168,11,20,8
"ratcol","november",673,169,6,1,3
"achmil","april",674,169,7,4,8
"achmil","september",675,169,10,17,19
"achmil","september",676,169,11,20,6
"brotec","april",677,170,6,1,20
"linlew","november",678,170,7,4,11
"vendub","july",679,170,10,17,4
"achmil","july",680,170,11,20,19
"centsto","june",681,171,6,1,20
"gaiari","september",682,171,7,4,4
"ratcol","april",683,171,10,17,17
"ratcol","april",684,171,11,20,19
"gaiari","june",685,172,6,1,20
"gaiari","april",686,172,7,4,3
"linlew","august",687,172,10,17,1
"elytra","june",688,172,11,20,15
"poasec","april",689,173,6,1,16
"centsto","june",690,173,7,4,2
"linlew","august",691,173,10,17,18
"elytra","may",692,173,11,20,11
"elytra","september",693,174,6,1,1
"vendub","august",694,174,7,4,13
"psespi","august",695,174,10,17,20
"psespi","may",696,174,11,20,3
"ratcol","september",697,175,6,1,20
"ratcol","april",698,175,7,4,12
"elytra","september",699,175,10,17,16
"vendub","june",700,175,11,20,1
"achmil","september",701,176,6,1,2
"poasec","april",702,176,7,4,4
"elytra","september",703,176,10,17,5
"ratcol","august",704,176,11,20,3
"vendub","august",705,177,6,1,2
"psespi","june",706,177,7,4,8
"brotec","may",707,177,10,17,10
"centsto","september",708,177,11,20,5
"linlew","may",709,178,6,1,19
"psespi","april",710,178,7,4,5
"ratcol","june",711,178,10,17,4
"vendub","september",712,178,11,20,15
"poasec","july",713,179,6,1,3
"brotec","may",714,179,7,4,15
"achmil","june",715,179,10,17,7
"brotec","july",716,179,11,20,19
"elytra","june",717,180,6,1,2
"centsto","august",718,180,7,4,11
"poasec","april",719,180,10,17,8
"gaiari","may",720,180,11,20,20
"gaiari","april",721,181,6,1,18
"gaiari","july",722,181,7,4,19
"achmil","may",723,181,10,17,14
"brotec","september",724,181,11,20,10
"achmil","september",725,182,6,1,3
"brotec","july",726,182,7,4,2
"ratcol","august",727,182,10,17,6
"poasec","august",728,182,11,20,11
"vendub","april",729,183,6,1,12
"ratcol","june",730,183,7,4,18
"linlew","june",731,183,10,17,7
"centsto","june",732,183,11,20,13
"linlew","april",733,184,6,1,13
"brotec","may",734,184,7,4,11
"psespi","september",735,184,10,17,20
"psespi","june",736,184,11,20,14
"psespi","november",737,185,6,1,10
"centsto","may",738,185,7,4,16
"brotec","august",739,185,10,17,13
"vendub","april",740,185,11,20,1
"psespi","june",741,186,6,1,7
"linlew","september",742,186,7,4,3
"achmil","november",743,186,10,17,16
"vendub","july",744,186,11,20,10
"brotec","november",745,187,6,1,17
"centsto","june",746,187,7,4,1
"brotec","november",747,187,10,17,4
"achmil","november",748,187,11,20,2
"centsto","july",749,188,6,1,2
"centsto","june",750,188,7,4,5
"poasec","april",751,188,10,17,19
"psespi","august",752,188,11,20,14
"linlew","september",753,189,6,1,7
"centsto","may",754,189,7,4,2
"achmil","april",755,189,10,17,14
"achmil","november",756,189,11,20,4
"centsto","november",757,190,6,1,12
"gaiari","august",758,190,7,4,8
"linlew","september",759,190,10,17,16
"poasec","september",760,190,11,20,1
"achmil","may",761,191,6,1,20
"gaiari","november",762,191,7,4,15
"brotec","september",763,191,10,17,11
"psespi","september",764,191,11,20,17
"centsto","september",765,192,6,1,3
"psespi","july",766,192,7,4,4
"poasec","april",767,192,10,17,1
"gaiari","august",768,192,11,20,13
"brotec","april",769,193,6,1,17
"brotec","may",770,193,7,4,16
"poasec","september",771,193,10,17,6
"elytra","september",772,193,11,20,7
"poasec","june",773,194,6,1,7
"poasec","april",774,194,7,4,14
"achmil","may",775,194,10,17,15
"linlew","july",776,194,11,20,5
"centsto","april",777,195,6,1,16
"vendub","september",778,195,7,4,1
"brotec","august",779,195,10,17,10
"elytra","july",780,195,11,20,15
"ratcol","november",781,196,6,1,19
"linlew","april",782,196,7,4,4
"linlew","august",783,196,10,17,15
"ratcol","july",784,196,11,20,9
"vendub","may",785,197,6,1,1
"centsto","august",786,197,7,4,20
"ratcol","april",787,197,10,17,8
"vendub","may",788,197,11,20,17
"ratcol","september",789,198,6,1,3
"ratcol","november",790,198,7,4,18
"elytra","may",791,198,10,17,5
"psespi","april",792,198,11,20,4
"poasec","april",793,199,6,1,8
"ratcol","august",794,199,7,4,16
"brotec","july",795,199,10,17,4
"elytra","april",796,199,11,20,10
"achmil","april",797,200,6,1,13
"linlew","august",798,200,7,4,16
"centsto","may",799,200,10,17,7
"psespi","september",800,200,11,20,6
"gaiari","september",801,201,6,1,19
"centsto","april",802,201,7,4,3
"achmil","august",803,201,10,17,8
"achmil","august",804,201,11,20,14
"centsto","august",805,202,6,1,18
"achmil","may",806,202,7,4,10
"centsto","may",807,202,10,17,15
"psespi","june",808,202,11,20,12
"elytra","may",809,203,6,1,19
"psespi","september",810,203,7,4,12
"linlew","april",811,203,10,17,15
"poasec","july",812,203,11,20,20
"poasec","august",813,204,6,1,6
"ratcol","may",814,204,7,4,12
"elytra","may",815,204,10,17,2
"vendub","november",816,204,11,20,11
"linlew","july",817,205,6,1,19
"brotec","november",818,205,7,4,14
"elytra","may",819,205,10,17,12
"centsto","may",820,205,11,20,17
"gaiari","september",821,206,6,1,9
"psespi","july",822,206,7,4,19
"elytra","april",823,206,10,17,3
"poasec","august",824,206,11,20,17
"vendub","june",825,207,6,1,11
"gaiari","november",826,207,7,4,8
"psespi","may",827,207,10,17,15
"poasec","september",828,207,11,20,18
"elytra","august",829,208,6,1,8
"psespi","august",830,208,7,4,17
"psespi","july",831,208,10,17,7
"brotec","july",832,208,11,20,12
"poasec","september",833,209,6,1,18
"poasec","june",834,209,7,4,6
"brotec","september",835,209,10,17,20
"vendub","may",836,209,11,20,14
"gaiari","september",837,210,6,1,14
"elytra","may",838,210,7,4,6
"achmil","april",839,210,10,17,3
"gaiari","may",840,210,11,20,2
"gaiari","may",841,211,6,1,8
"centsto","may",842,211,7,4,12
"elytra","august",843,211,10,17,18
"linlew","september",844,211,11,20,1
"achmil","september",845,212,6,1,8
"ratcol","september",846,212,7,4,6
"brotec","august",847,212,10,17,18
"poasec","may",848,212,11,20,10
"gaiari","april",849,213,6,1,5
"gaiari","june",850,213,7,4,13
"poasec","may",851,213,10,17,9
"ratcol","june",852,213,11,20,14
"vendub","july",853,214,6,1,14
"brotec","november",854,214,7,4,2
"vendub","september",855,214,10,17,12
"poasec","november",856,214,11,20,10
"linlew","june",857,215,6,1,9
"linlew","june",858,215,7,4,10
"achmil","april",859,215,10,17,19
"brotec","august",860,215,11,20,18
"centsto","september",861,216,6,1,7
"elytra","june",862,216,7,4,17
"ratcol","june",863,216,10,17,19
"poasec","november",864,216,11,20,9
"linlew","september",865,217,6,1,6
"gaiari","august",866,217,7,4,3
"vendub","november",867,217,10,17,4
"ratcol","november",868,217,11,20,7
"poasec","november",869,218,6,1,4
"poasec","june",870,218,7,4,20
"ratcol","april",871,218,10,17,13
"achmil","november",872,218,11,20,1
"brotec","july",873,219,6,1,7
"achmil","june",874,219,7,4,18
"psespi","november",875,219,10,17,8
"poasec","august",876,219,11,20,14
"gaiari","july",877,220,6,1,5
"brotec","june",878,220,7,4,1
"achmil","july",879,220,10,17,3
"linlew","november",880,220,11,20,7
"ratcol","july",881,221,6,1,1
"psespi","september",882,221,7,4,7
"vendub","august",883,221,10,17,8
"brotec","november",884,221,11,20,16
"gaiari","april",885,222,6,1,13
"brotec","april",886,222,7,4,2
"gaiari","september",887,222,10,17,20
"brotec","july",888,222,11,20,16
"ratcol","may",889,223,6,1,13
"centsto","april",890,223,7,4,7
"gaiari","june",891,223,10,17,1
"gaiari","june",892,223,11,20,19
"brotec","august",893,224,6,1,14
"achmil","august",894,224,7,4,1
"centsto","may",895,224,10,17,2
"centsto","june",896,224,11,20,13
"gaiari","september",897,225,6,1,16
"centsto","july",898,225,7,4,13
"achmil","september",899,225,10,17,3
"linlew","august",900,225,11,20,17
"achmil","april",901,226,6,1,19
"achmil","november",902,226,7,4,3
"ratcol","may",903,226,10,17,14
"gaiari","september",904,226,11,20,11
"centsto","june",905,227,6,1,4
"achmil","september",906,227,7,4,18
"linlew","september",907,227,10,17,14
"centsto","june",908,227,11,20,13
"centsto","november",909,228,6,1,4
"elytra","july",910,228,7,4,7
"ratcol","june",911,228,10,17,3
"psespi","june",912,228,11,20,8
"centsto","may",913,229,6,1,2
"ratcol","may",914,229,7,4,17
"gaiari","september",915,229,10,17,11
"gaiari","november",916,229,11,20,7
"elytra","august",917,230,6,1,17
"ratcol","august",918,230,7,4,2
"linlew","may",919,230,10,17,6
"ratcol","may",920,230,11,20,12
"poasec","june",921,231,6,1,13
"linlew","november",922,231,7,4,12
"vendub","september",923,231,10,17,20
"achmil","november",924,231,11,20,1
"gaiari","august",925,232,6,1,8
"achmil","april",926,232,7,4,20
"linlew","november",927,232,10,17,4
"ratcol","may",928,232,11,20,9
"poasec","may",929,233,6,1,4
"poasec","september",930,233,7,4,1
"elytra","june",931,233,10,17,15
"poasec","august",932,233,11,20,16
"ratcol","august",933,234,6,1,19
"brotec","september",934,234,7,4,16
"elytra","may",935,234,10,17,13
"gaiari","july",936,234,11,20,5
"brotec","april",937,235,6,1,11
"brotec","july",938,235,7,4,10
"linlew","august",939,235,10,17,16
"poasec","august",940,235,11,20,19
"achmil","august",941,236,6,1,12
"ratcol","september",942,236,7,4,13
"centsto","november",943,236,10,17,15
"centsto","june",944,236,11,20,20
"gaiari","june",945,237,6,1,19
"vendub","september",946,237,7,4,3
"linlew","september",947,237,10,17,4
"linlew","may",948,237,11,20,7
"gaiari","september",949,238,6,1,5
"psespi","may",950,238,7,4,17
"poasec","july",951,238,10,17,1
"linlew","june",952,238,11,20,4
"brotec","may",953,239,6,1,17
"ratcol","june",954,239,7,4,18
"achmil","june",955,239,10,17,12
"ratcol","april",956,239,11,20,9
"poasec","july",957,240,6,1,2
"centsto","august",958,240,7,4,12
"brotec","september",959,240,10,17,3
"vendub","july",960,240,11,20,5
"ratcol","november",961,241,6,1,1
"linlew","june",962,241,7,4,6
"ratcol","august",963,241,10,17,9
"achmil","july",964,241,11,20,14
"gaiari","july",965,242,6,1,14
"psespi","april",966,242,7,4,17
"psespi","april",967,242,10,17,8
"centsto","august",968,242,11,20,11
"psespi","november",969,243,6,1,20
"ratcol","september",970,243,7,4,9
"elytra","september",971,243,10,17,5
"brotec","may",972,243,11,20,10
"elytra","may",973,244,6,1,20
"brotec","november",974,244,7,4,4
"achmil","july",975,244,10,17,18
"vendub","june",976,244,11,20,3
"brotec","september",977,245,6,1,20
"linlew","august",978,245,7,4,11
"elytra","september",979,245,10,17,8
"elytra","november",980,245,11,20,3
"poasec","june",981,246,6,1,17
"ratcol","april",982,246,7,4,2
"achmil","april",983,246,10,17,3
"brotec","june",984,246,11,20,10
"centsto","august",985,247,6,1,20
"psespi","april",986,247,7,4,13
"poasec","july",987,247,10,17,17
"ratcol","june",988,247,11,20,15
"brotec","august",989,248,6,1,2
"centsto","july",990,248,7,4,3
"elytra","july",991,248,10,17,6
"psespi","september",992,248,11,20,18
"elytra","september",993,249,6,1,18
"poasec","august",994,249,7,4,9
"ratcol","may",995,249,10,17,5
"ratcol","april",996,249,11,20,14
"achmil","april",997,250,6,1,18
"linlew","september",998,250,7,4,20
"gaiari","august",999,250,10,17,3
"psespi","september",1000,250,11,20,4
"achmil","april",1001,251,6,1,17
"achmil","april",1002,251,7,4,16
"poasec","november",1003,251,10,17,12
"vendub","april",1004,251,11,20,11
"elytra","april",1005,252,6,1,17
"vendub","august",1006,252,7,4,11
"psespi","november",1007,252,10,17,20
"achmil","april",1008,252,11,20,3
"centsto","november",1009,253,6,1,10
"centsto","april",1010,253,7,4,12
"brotec","august",1011,253,10,17,14
"psespi","april",1012,253,11,20,15
"ratcol","may",1013,254,6,1,18
"vendub","june",1014,254,7,4,2
"poasec","july",1015,254,10,17,10
"brotec","november",1016,254,11,20,20
"achmil","august",1017,255,6,1,18
"ratcol","july",1018,255,7,4,11
"ratcol","august",1019,255,10,17,12
"centsto","september",1020,255,11,20,5
"ratcol","july",1021,256,6,1,5
"gaiari","april",1022,256,7,4,9
"ratcol","june",1023,256,10,17,3
"ratcol","september",1024,256,11,20,11
"vendub","april",1025,257,6,1,14
"elytra","june",1026,257,7,4,17
"achmil","april",1027,257,10,17,13
"psespi","july",1028,257,11,20,12
"vendub","may",1029,258,6,1,14
"ratcol","may",1030,258,7,4,10
"elytra","may",1031,258,10,17,5
"brotec","may",1032,258,11,20,19
"achmil","june",1033,259,6,1,8
"brotec","september",1034,259,7,4,9
"poasec","july",1035,259,10,17,5
"vendub","september",1036,259,11,20,20
"elytra","june",1037,260,6,1,16
"centsto","september",1038,260,7,4,1
"psespi","august",1039,260,10,17,18
"psespi","november",1040,260,11,20,12
"gaiari","may",1041,261,6,1,10
"ratcol","september",1042,261,7,4,16
"linlew","august",1043,261,10,17,1
"poasec","april",1044,261,11,20,13
"poasec","april",1045,262,6,1,19
"brotec","november",1046,262,7,4,20
"poasec","september",1047,262,10,17,2
"achmil","july",1048,262,11,20,13
"gaiari","september",1049,263,6,1,12
"ratcol","may",1050,263,7,4,13
"elytra","november",1051,263,10,17,20
"vendub","november",1052,263,11,20,8
"achmil","september",1053,264,6,1,13
"vendub","november",1054,264,7,4,18
"gaiari","november",1055,264,10,17,15
"poasec","may",1056,264,11,20,3
"linlew","september",1057,265,6,1,8
"vendub","august",1058,265,7,4,5
"psespi","november",1059,265,10,17,12
"vendub","august",1060,265,11,20,4
"elytra","may",1061,266,6,1,7
"ratcol","november",1062,266,7,4,8
"gaiari","july",1063,266,10,17,10
"gaiari","august",1064,266,11,20,3
"centsto","may",1065,267,6,1,11
"achmil","may",1066,267,7,4,9
"achmil","july",1067,267,10,17,3
"achmil","may",1068,267,11,20,6
"poasec","june",1069,268,6,1,17
"centsto","may",1070,268,7,4,15
"gaiari","april",1071,268,10,17,16
"psespi","june",1072,268,11,20,2
"linlew","may",1073,269,6,1,11
"elytra","november",1074,269,7,4,17
"centsto","july",1075,269,10,17,16
"linlew","april",1076,269,11,20,3
"psespi","september",1077,270,6,1,7
"ratcol","august",1078,270,7,4,15
"vendub","september",1079,270,10,17,2
"centsto","november",1080,270,11,20,16
"psespi","september",1081,271,6,1,2
"linlew","june",1082,271,7,4,12
"centsto","november",1083,271,10,17,20
"achmil","april",1084,271,11,20,9
"linlew","november",1085,272,6,1,14
"brotec","november",1086,272,7,4,5
"brotec","april",1087,272,10,17,6
"brotec","april",1088,272,11,20,4
"psespi","august",1089,273,6,1,15
"linlew","april",1090,273,7,4,19
"linlew","june",1091,273,10,17,10
"centsto","november",1092,273,11,20,8
"psespi","august",1093,274,6,1,15
"centsto","may",1094,274,7,4,3
"poasec","august",1095,274,10,17,7
"centsto","november",1096,274,11,20,9
"psespi","june",1097,275,6,1,3
"achmil","may",1098,275,7,4,4
"elytra","april",1099,275,10,17,13
"brotec","september",1100,275,11,20,7
"centsto","august",1101,276,6,1,12
"poasec","november",1102,276,7,4,7
"elytra","november",1103,276,10,17,13
"vendub","september",1104,276,11,20,19
"ratcol","april",1105,277,6,1,16
"gaiari","july",1106,277,7,4,6
"achmil","november",1107,277,10,17,8
"poasec","september",1108,277,11,20,4
"linlew","july",1109,278,6,1,4
"centsto","august",1110,278,7,4,9
"elytra","september",1111,278,10,17,18
"poasec","may",1112,278,11,20,14
"linlew","june",1113,279,6,1,2
"elytra","may",1114,279,7,4,15
"centsto","july",1115,279,10,17,7
"vendub","may",1116,279,11,20,12
"achmil","september",1117,280,6,1,3
"elytra","may",1118,280,7,4,1
"vendub","june",1119,280,10,17,12
"brotec","june",1120,280,11,20,9
"centsto","april",1121,281,6,1,4
"linlew","june",1122,281,7,4,9
"elytra","september",1123,281,10,17,1
"brotec","august",1124,281,11,20,17
"brotec","july",1125,282,6,1,9
"vendub","july",1126,282,7,4,19
"linlew","april",1127,282,10,17,3
"psespi","september",1128,282,11,20,7
"achmil","july",1129,283,6,1,12
"ratcol","september",1130,283,7,4,4
"gaiari","august",1131,283,10,17,16
"brotec","september",1132,283,11,20,13
"centsto","september",1133,284,6,1,6
"ratcol","may",1134,284,7,4,17
"poasec","september",1135,284,10,17,3
"linlew","may",1136,284,11,20,15
"poasec","july",1137,285,6,1,11
"achmil","november",1138,285,7,4,4
"psespi","june",1139,285,10,17,13
"brotec","june",1140,285,11,20,3
"gaiari","may",1141,286,6,1,5
"centsto","may",1142,286,7,4,3
"poasec","june",1143,286,10,17,19
"gaiari","september",1144,286,11,20,14
"linlew","september",1145,287,6,1,12
"ratcol","april",1146,287,7,4,19
"centsto","september",1147,287,10,17,17
"gaiari","november",1148,287,11,20,4
"vendub","july",1149,288,6,1,11
"vendub","august",1150,288,7,4,10
"gaiari","june",1151,288,10,17,7
"poasec","september",1152,288,11,20,2
"poasec","may",1153,289,6,1,13
"gaiari","september",1154,289,7,4,1
"centsto","november",1155,289,10,17,10
"centsto","april",1156,289,11,20,12
"psespi","may",1157,290,6,1,13
"ratcol","july",1158,290,7,4,14
"psespi","april",1159,290,10,17,11
"achmil","september",1160,290,11,20,15
"centsto","may",1161,291,6,1,18
"achmil","august",1162,291,7,4,9
"centsto","april",1163,291,10,17,16
"vendub","june",1164,291,11,20,13
"gaiari","september",1165,292,6,1,8
"achmil","august",1166,292,7,4,9
"centsto","september",1167,292,10,17,19
"psespi","august",1168,292,11,20,7
"ratcol","april",1169,293,6,1,2
"centsto","november",1170,293,7,4,6
"psespi","may",1171,293,10,17,1
"centsto","may",1172,293,11,20,12
"gaiari","august",1173,294,6,1,5
"elytra","june",1174,294,7,4,8
"achmil","may",1175,294,10,17,17
"achmil","june",1176,294,11,20,9
"ratcol","may",1177,295,6,1,1
"elytra","may",1178,295,7,4,2
"psespi","august",1179,295,10,17,19
"centsto","august",1180,295,11,20,10
"brotec","july",1181,296,6,1,1
"centsto","september",1182,296,7,4,16
"psespi","july",1183,296,10,17,8
"ratcol","april",1184,296,11,20,18
"brotec","september",1185,297,6,1,2
"psespi","july",1186,297,7,4,7
"linlew","april",1187,297,10,17,15
"centsto","september",1188,297,11,20,19
"gaiari","june",1189,298,6,1,16
"linlew","july",1190,298,7,4,12
"poasec","july",1191,298,10,17,11
"elytra","july",1192,298,11,20,1
"brotec","june",1193,299,6,1,1
"gaiari","april",1194,299,7,4,13
"vendub","august",1195,299,10,17,20
"centsto","november",1196,299,11,20,5
"achmil","november",1197,300,6,1,2
"poasec","april",1198,300,7,4,19
"ratcol","november",1199,300,10,17,1
"poasec","may",1200,300,11,20,17
"elytra","june",1201,301,6,1,4
"linlew","september",1202,301,7,4,20
"poasec","may",1203,301,10,17,14
"psespi","november",1204,301,11,20,19
"brotec","june",1205,302,6,1,10
"psespi","april",1206,302,7,4,18
"brotec","november",1207,302,10,17,14
"achmil","august",1208,302,11,20,1
"achmil","april",1209,303,6,1,4
"gaiari","july",1210,303,7,4,8
"centsto","july",1211,303,10,17,16
"poasec","june",1212,303,11,20,2
"linlew","august",1213,304,6,1,14
"achmil","may",1214,304,7,4,1
"elytra","april",1215,304,10,17,8
"poasec","april",1216,304,11,20,4
"psespi","september",1217,305,6,1,19
"achmil","may",1218,305,7,4,14
"vendub","june",1219,305,10,17,11
"poasec","april",1220,305,11,20,13
"gaiari","july",1221,306,6,1,18
"centsto","july",1222,306,7,4,1
"psespi","july",1223,306,10,17,14
"psespi","september",1224,306,11,20,17
"elytra","june",1225,307,6,1,5
"achmil","june",1226,307,7,4,2
"vendub","november",1227,307,10,17,12
"achmil","september",1228,307,11,20,8
"brotec","july",1229,308,6,1,6
"centsto","april",1230,308,7,4,14
"centsto","august",1231,308,10,17,1
"vendub","april",1232,308,11,20,17
"gaiari","june",1233,309,6,1,10
"poasec","april",1234,309,7,4,9
"vendub","june",1235,309,10,17,8
"brotec","june",1236,309,11,20,20
"vendub","august",1237,310,6,1,19
"poasec","june",1238,310,7,4,2
"ratcol","april",1239,310,10,17,7
"psespi","june",1240,310,11,20,6
"elytra","april",1241,311,6,1,2
"psespi","may",1242,311,7,4,7
"linlew","june",1243,311,10,17,1
"achmil","may",1244,311,11,20,10
"gaiari","july",1245,312,6,1,16
"psespi","june",1246,312,7,4,8
"elytra","june",1247,312,10,17,6
"poasec","july",1248,312,11,20,10
"vendub","may",1249,313,6,1,11
"vendub","april",1250,313,7,4,15
"psespi","april",1251,313,10,17,18
"brotec","may",1252,313,11,20,13
"elytra","april",1253,314,6,1,10
"psespi","august",1254,314,7,4,19
"psespi","may",1255,314,10,17,2
"ratcol","august",1256,314,11,20,3
"elytra","april",1257,315,6,1,17
"brotec","april",1258,315,7,4,9
"achmil","august",1259,315,10,17,4
"achmil","june",1260,315,11,20,5
"psespi","june",1261,316,6,1,18
"psespi","april",1262,316,7,4,14
"gaiari","july",1263,316,10,17,12
"linlew","june",1264,316,11,20,1
"centsto","may",1265,317,6,1,12
"gaiari","april",1266,317,7,4,15
"vendub","july",1267,317,10,17,9
"achmil","june",1268,317,11,20,7
"ratcol","november",1269,318,6,1,17
"centsto","november",1270,318,7,4,7
"centsto","july",1271,318,10,17,16
"elytra","november",1272,318,11,20,1
"brotec","may",1273,319,6,1,17
"poasec","april",1274,319,7,4,18
"elytra","may",1275,319,10,17,13
"poasec","september",1276,319,11,20,6
"gaiari","august",1277,320,6,1,5
"centsto","july",1278,320,7,4,18
"brotec","april",1279,320,10,17,8
"brotec","may",1280,320,11,20,14
"centsto","may",1281,321,6,1,5
"elytra","june",1282,321,7,4,14
"elytra","august",1283,321,10,17,15
"ratcol","august",1284,321,11,20,19
"achmil","august",1285,322,6,1,18
"vendub","july",1286,322,7,4,6
"elytra","july",1287,322,10,17,12
"vendub","august",1288,322,11,20,1
"gaiari","september",1289,323,6,1,13
"gaiari","april",1290,323,7,4,7
"poasec","november",1291,323,10,17,3
"poasec","september",1292,323,11,20,1
"poasec","june",1293,324,6,1,14
"vendub","september",1294,324,7,4,20
"linlew","june",1295,324,10,17,18
"achmil","august",1296,324,11,20,16
"brotec","july",1297,325,6,1,1
"achmil","july",1298,325,7,4,4
"gaiari","june",1299,325,10,17,11
"linlew","august",1300,325,11,20,13
"brotec","june",1301,326,6,1,2
"ratcol","july",1302,326,7,4,8
"ratcol","may",1303,326,10,17,16
"poasec","november",1304,326,11,20,5
"linlew","july",1305,327,6,1,12
"poasec","may",1306,327,7,4,6
"psespi","july",1307,327,10,17,5
"centsto","august",1308,327,11,20,4
"linlew","june",1309,328,6,1,16
"vendub","september",1310,328,7,4,20
"poasec","july",1311,328,10,17,2
"psespi","june",1312,328,11,20,15
"elytra","july",1313,329,6,1,14
"brotec","august",1314,329,7,4,18
"vendub","july",1315,329,10,17,12
"gaiari","august",1316,329,11,20,16
"centsto","april",1317,330,6,1,12
"centsto","july",1318,330,7,4,18
"ratcol","september",1319,330,10,17,13
"psespi","april",1320,330,11,20,16
"brotec","june",1321,331,6,1,15
"achmil","april",1322,331,7,4,16
"psespi","september",1323,331,10,17,1
"achmil","june",1324,331,11,20,6
"linlew","november",1325,332,6,1,14
"achmil","june",1326,332,7,4,12
"gaiari","september",1327,332,10,17,11
"achmil","june",1328,332,11,20,7
"psespi","july",1329,333,6,1,2
"gaiari","july",1330,333,7,4,5
"poasec","may",1331,333,10,17,17
"psespi","june",1332,333,11,20,18
"linlew","august",1333,334,6,1,18
"brotec","may",1334,334,7,4,19
"vendub","august",1335,334,10,17,14
"ratcol","may",1336,334,11,20,2
"gaiari","june",1337,335,6,1,10
"psespi","august",1338,335,7,4,9
"vendub","september",1339,335,10,17,16
"achmil","august",1340,335,11,20,1
"linlew","april",1341,336,6,1,13
"ratcol","june",1342,336,7,4,7
"achmil","april",1343,336,10,17,1
"vendub","august",1344,336,11,20,12
"gaiari","november",1345,337,6,1,17
"ratcol","november",1346,337,7,4,7
"vendub","june",1347,337,10,17,4
"vendub","september",1348,337,11,20,3
"poasec","november",1349,338,6,1,7
"psespi","june",1350,338,7,4,20
"vendub","june",1351,338,10,17,9
"poasec","may",1352,338,11,20,8
"psespi","august",1353,339,6,1,18
"vendub","september",1354,339,7,4,6
"brotec","august",1355,339,10,17,1
"elytra","august",1356,339,11,20,13
"linlew","june",1357,340,6,1,6
"centsto","june",1358,340,7,4,10
"vendub","may",1359,340,10,17,13
"achmil","may",1360,340,11,20,4
"linlew","april",1361,341,6,1,4
"psespi","may",1362,341,7,4,15
"psespi","august",1363,341,10,17,1
"poasec","july",1364,341,11,20,5
"vendub","july",1365,342,6,1,17
"linlew","august",1366,342,7,4,2
"gaiari","june",1367,342,10,17,6
"brotec","july",1368,342,11,20,5
"vendub","may",1369,343,6,1,17
"centsto","april",1370,343,7,4,18
"elytra","may",1371,343,10,17,13
"vendub","july",1372,343,11,20,14
"poasec","may",1373,344,6,1,4
"brotec","may",1374,344,7,4,2
"elytra","july",1375,344,10,17,11
"poasec","june",1376,344,11,20,12
"psespi","april",1377,345,6,1,6
"achmil","november",1378,345,7,4,1
"linlew","august",1379,345,10,17,5
"linlew","may",1380,345,11,20,14
"psespi","november",1381,346,6,1,8
"psespi","november",1382,346,7,4,17
"poasec","november",1383,346,10,17,19
"achmil","may",1384,346,11,20,5
"centsto","november",1385,347,6,1,4
"ratcol","june",1386,347,7,4,8
"linlew","july",1387,347,10,17,15
"centsto","april",1388,347,11,20,5
"ratcol","august",1389,348,6,1,4
"gaiari","may",1390,348,7,4,19
"elytra","august",1391,348,10,17,14
"ratcol","july",1392,348,11,20,1
"elytra","july",1393,349,6,1,19
"linlew","november",1394,349,7,4,15
"ratcol","may",1395,349,10,17,18
"psespi","november",1396,349,11,20,16
"centsto","august",1397,350,6,1,14
"psespi","august",1398,350,7,4,18
"achmil","july",1399,350,10,17,17
"brotec","september",1400,350,11,20,9
"poasec","june",1401,351,6,1,15
"ratcol","august",1402,351,7,4,11
"vendub","november",1403,351,10,17,16
"centsto","june",1404,351,11,20,19
"linlew","august",1405,352,6,1,13
"centsto","april",1406,352,7,4,19
"poasec","may",1407,352,10,17,8
"poasec","august",1408,352,11,20,14
"brotec","august",1409,353,6,1,1
"ratcol","june",1410,353,7,4,20
"elytra","april",1411,353,10,17,9
"centsto","may",1412,353,11,20,17
"ratcol","august",1413,354,6,1,10
"psespi","july",1414,354,7,4,15
"achmil","august",1415,354,10,17,6
"vendub","august",1416,354,11,20,14
"vendub","may",1417,355,6,1,11
"poasec","april",1418,355,7,4,8
"linlew","september",1419,355,10,17,18
"poasec","july",1420,355,11,20,16
"brotec","may",1421,356,6,1,9
"centsto","june",1422,356,7,4,6
"linlew","november",1423,356,10,17,16
"elytra","august",1424,356,11,20,20
"vendub","september",1425,357,6,1,4
"achmil","september",1426,357,7,4,12
"gaiari","may",1427,357,10,17,11
"poasec","august",1428,357,11,20,2
"linlew","june",1429,358,6,1,5
"achmil","august",1430,358,7,4,9
"achmil","june",1431,358,10,17,7
"achmil","july",1432,358,11,20,19
"brotec","august",1433,359,6,1,13
"achmil","june",1434,359,7,4,1
"ratcol","july",1435,359,10,17,2
"elytra","july",1436,359,11,20,7
"psespi","april",1437,360,6,1,18
"centsto","june",1438,360,7,4,4
"brotec","august",1439,360,10,17,10
"linlew","may",1440,360,11,20,9
"psespi","april",1441,361,6,1,3
"vendub","june",1442,361,7,4,7
"achmil","july",1443,361,10,17,18
"brotec","november",1444,361,11,20,19
"ratcol","november",1445,362,6,1,14
"psespi","september",1446,362,7,4,6
"ratcol","july",1447,362,10,17,20
"brotec","may",1448,362,11,20,16
"gaiari","june",1449,363,6,1,2
"linlew","august",1450,363,7,4,11
"ratcol","november",1451,363,10,17,12
"brotec","november",1452,363,11,20,17
"psespi","july",1453,364,6,1,13
"ratcol","june",1454,364,7,4,5
"psespi","november",1455,364,10,17,7
"centsto","august",1456,364,11,20,16
"centsto","june",1457,365,6,1,20
"centsto","june",1458,365,7,4,10
"elytra","july",1459,365,10,17,14
"ratcol","april",1460,365,11,20,1
"ratcol","may",1461,366,6,1,8
"vendub","august",1462,366,7,4,6
"achmil","september",1463,366,10,17,9
"achmil","june",1464,366,11,20,1
"elytra","august",1465,367,6,1,8
"vendub","may",1466,367,7,4,19
"linlew","july",1467,367,10,17,14
"linlew","april",1468,367,11,20,10
"elytra","may",1469,368,6,1,12
"vendub","august",1470,368,7,4,5
"vendub","november",1471,368,10,17,10
"vendub","june",1472,368,11,20,14
"psespi","july",1473,369,6,1,17
"poasec","august",1474,369,7,4,12
"achmil","september",1475,369,10,17,20
"psespi","november",1476,369,11,20,5
"poasec","april",1477,370,6,1,10
"poasec","april",1478,370,7,4,20
"linlew","november",1479,370,10,17,9
"linlew","june",1480,370,11,20,11
"linlew","september",1481,371,6,1,15
"ratcol","july",1482,371,7,4,19
"centsto","april",1483,371,10,17,4
"poasec","september",1484,371,11,20,17
"elytra","september",1485,372,6,1,8
"achmil","august",1486,372,7,4,9
"vendub","april",1487,372,10,17,7
"centsto","april",1488,372,11,20,6
"vendub","august",1489,373,6,1,18
"psespi","august",1490,373,7,4,8
"gaiari","may",1491,373,10,17,12
"elytra","april",1492,373,11,20,10
"ratcol","august",1493,374,6,1,6
"brotec","november",1494,374,7,4,20
"gaiari","august",1495,374,10,17,13
"vendub","august",1496,374,11,20,8
"achmil","july",1497,375,6,1,17
"brotec","november",1498,375,7,4,8
"brotec","april",1499,375,10,17,12
"elytra","november",1500,375,11,20,18
"centsto","april",1501,376,6,1,16
"elytra","april",1502,376,7,4,20
"brotec","july",1503,376,10,17,1
"brotec","november",1504,376,11,20,14
"psespi","may",1505,377,6,1,16
"centsto","november",1506,377,7,4,10
"linlew","august",1507,377,10,17,15
"linlew","april",1508,377,11,20,7
"ratcol","may",1509,378,6,1,3
"gaiari","july",1510,378,7,4,4
"vendub","september",1511,378,10,17,15
"psespi","september",1512,378,11,20,13
"linlew","april",1513,379,6,1,14
"ratcol","september",1514,379,7,4,19
"vendub","august",1515,379,10,17,20
"vendub","november",1516,379,11,20,1
"centsto","august",1517,380,6,1,6
"achmil","july",1518,380,7,4,17
"elytra","july",1519,380,10,17,3
"centsto","may",1520,380,11,20,18
"gaiari","june",1521,381,6,1,1
"vendub","august",1522,381,7,4,17
"psespi","july",1523,381,10,17,18
"psespi","september",1524,381,11,20,9
"poasec","july",1525,382,6,1,14
"elytra","september",1526,382,7,4,15
"linlew","june",1527,382,10,17,16
"ratcol","september",1528,382,11,20,13
"elytra","july",1529,383,6,1,17
"ratcol","july",1530,383,7,4,9
"vendub","november",1531,383,10,17,19
"centsto","may",1532,383,11,20,8
"linlew","april",1533,384,6,1,8
"psespi","june",1534,384,7,4,16
"gaiari","april",1535,384,10,17,12
"gaiari","june",1536,384,11,20,15
"ratcol","november",1537,385,6,1,12
"centsto","august",1538,385,7,4,11
"brotec","november",1539,385,10,17,1
"vendub","april",1540,385,11,20,8
"gaiari","july",1541,386,6,1,18
"linlew","november",1542,386,7,4,3
"vendub","april",1543,386,10,17,17
"centsto","september",1544,386,11,20,7
"ratcol","june",1545,387,6,1,15
"gaiari","april",1546,387,7,4,13
"centsto","july",1547,387,10,17,7
"psespi","september",1548,387,11,20,9
"linlew","november",1549,388,6,1,18
"ratcol","june",1550,388,7,4,11
"vendub","august",1551,388,10,17,16
"centsto","november",1552,388,11,20,1
"gaiari","april",1553,389,6,1,11
"achmil","september",1554,389,7,4,4
"brotec","july",1555,389,10,17,12
"achmil","september",1556,389,11,20,7
"ratcol","june",1557,390,6,1,12
"centsto","april",1558,390,7,4,6
"centsto","september",1559,390,10,17,4
"elytra","july",1560,390,11,20,1
"achmil","june",1561,391,6,1,6
"brotec","august",1562,391,7,4,1
"centsto","september",1563,391,10,17,5
"centsto","june",1564,391,11,20,19
"psespi","may",1565,392,6,1,13
"gaiari","april",1566,392,7,4,4
"linlew","april",1567,392,10,17,7
"achmil","september",1568,392,11,20,14
"poasec","august",1569,393,6,1,8
"psespi","june",1570,393,7,4,14
"gaiari","august",1571,393,10,17,10
"psespi","august",1572,393,11,20,20
"centsto","april",1573,394,6,1,4
"linlew","august",1574,394,7,4,19
"ratcol","april",1575,394,10,17,2
"poasec","september",1576,394,11,20,9
"achmil","june",1577,395,6,1,1
"linlew","may",1578,395,7,4,17
"linlew","april",1579,395,10,17,12
"elytra","august",1580,395,11,20,16
"linlew","september",1581,396,6,1,19
"ratcol","may",1582,396,7,4,9
"gaiari","september",1583,396,10,17,8
"poasec","july",1584,396,11,20,16
"ratcol","july",1585,397,6,1,16
"elytra","june",1586,397,7,4,20
"ratcol","may",1587,397,10,17,11
"linlew","july",1588,397,11,20,5
"gaiari","june",1589,398,6,1,4
"vendub","april",1590,398,7,4,10
"centsto","november",1591,398,10,17,15
"ratcol","april",1592,398,11,20,3
"gaiari","july",1593,399,6,1,6
"achmil","september",1594,399,7,4,11
"vendub","july",1595,399,10,17,10
"psespi","april",1596,399,11,20,20
"psespi","august",1597,400,6,1,12
"psespi","september",1598,400,7,4,19
"achmil","september",1599,400,10,17,14
"elytra","november",1600,400,11,20,18
"brotec","april",1601,401,6,1,14
"brotec","july",1602,401,7,4,19
"vendub","april",1603,401,10,17,15
"linlew","may",1604,401,11,20,16
"brotec","november",1605,402,6,1,9
"linlew","june",1606,402,7,4,11
"ratcol","june",1607,402,10,17,5
"poasec","september",1608,402,11,20,7
"brotec","september",1609,403,6,1,18
"ratcol","june",1610,403,7,4,3
"brotec","may",1611,403,10,17,2
"achmil","july",1612,403,11,20,7
"psespi","august",1613,404,6,1,8
"linlew","april",1614,404,7,4,11
"vendub","may",1615,404,10,17,10
"centsto","august",1616,404,11,20,18
"ratcol","july",1617,405,6,1,4
"brotec","may",1618,405,7,4,7
"ratcol","august",1619,405,10,17,1
"vendub","november",1620,405,11,20,15
"brotec","april",1621,406,6,1,13
"poasec","november",1622,406,7,4,5
"ratcol","november",1623,406,10,17,15
"vendub","november",1624,406,11,20,1
"poasec","april",1625,407,6,1,5
"poasec","may",1626,407,7,4,3
"elytra","april",1627,407,10,17,13
"centsto","july",1628,407,11,20,16
"poasec","september",1629,408,6,1,11
"gaiari","november",1630,408,7,4,17
"poasec","september",1631,408,10,17,14
"brotec","june",1632,408,11,20,5
"poasec","june",1633,409,6,1,17
"gaiari","april",1634,409,7,4,3
"gaiari","june",1635,409,10,17,16
"brotec","may",1636,409,11,20,9
"brotec","august",1637,410,6,1,12
"psespi","july",1638,410,7,4,9
"ratcol","july",1639,410,10,17,3
"linlew","november",1640,410,11,20,20
"gaiari","november",1641,411,6,1,9
"centsto","may",1642,411,7,4,17
"achmil","june",1643,411,10,17,6
"gaiari","april",1644,411,11,20,20
"gaiari","november",1645,412,6,1,1
"linlew","november",1646,412,7,4,11
"gaiari","september",1647,412,10,17,3
"brotec","april",1648,412,11,20,7
"ratcol","april",1649,413,6,1,6
"brotec","november",1650,413,7,4,15
"brotec","august",1651,413,10,17,5
"achmil","april",1652,413,11,20,12
"elytra","november",1653,414,6,1,16
"gaiari","august",1654,414,7,4,18
"linlew","august",1655,414,10,17,7
"gaiari","may",1656,414,11,20,10
"poasec","april",1657,415,6,1,6
"gaiari","june",1658,415,7,4,13
"achmil","june",1659,415,10,17,16
"centsto","may",1660,415,11,20,20
"centsto","november",1661,416,6,1,9
"ratcol","june",1662,416,7,4,20
"linlew","may",1663,416,10,17,6
"vendub","april",1664,416,11,20,7
"elytra","september",1665,417,6,1,16
"ratcol","may",1666,417,7,4,8
"ratcol","april",1667,417,10,17,15
"vendub","june",1668,417,11,20,2
"psespi","august",1669,418,6,1,18
"psespi","july",1670,418,7,4,11
"elytra","september",1671,418,10,17,19
"centsto","july",1672,418,11,20,10
"vendub","september",1673,419,6,1,5
"gaiari","november",1674,419,7,4,10
"centsto","august",1675,419,10,17,17
"psespi","november",1676,419,11,20,20
"centsto","april",1677,420,6,1,1
"achmil","may",1678,420,7,4,19
"poasec","july",1679,420,10,17,4
"vendub","april",1680,420,11,20,17
"achmil","july",1681,421,6,1,8
"ratcol","september",1682,421,7,4,4
"psespi","august",1683,421,10,17,10
"achmil","april",1684,421,11,20,16
"centsto","november",1685,422,6,1,8
"poasec","november",1686,422,7,4,14
"elytra","may",1687,422,10,17,16
"poasec","june",1688,422,11,20,5
"brotec","april",1689,423,6,1,16
"linlew","april",1690,423,7,4,11
"ratcol","july",1691,423,10,17,15
"gaiari","august",1692,423,11,20,19
"gaiari","may",1693,424,6,1,20
"ratcol","april",1694,424,7,4,14
"psespi","november",1695,424,10,17,9
"gaiari","june",1696,424,11,20,4
"achmil","november",1697,425,6,1,3
"centsto","may",1698,425,7,4,1
"linlew","november",1699,425,10,17,6
"brotec","september",1700,425,11,20,12
"achmil","june",1701,426,6,1,5
"achmil","september",1702,426,7,4,17
"poasec","september",1703,426,10,17,14
"brotec","april",1704,426,11,20,3
"poasec","august",1705,427,6,1,15
"centsto","november",1706,427,7,4,20
"ratcol","november",1707,427,10,17,4
"psespi","july",1708,427,11,20,6
"gaiari","april",1709,428,6,1,4
"ratcol","august",1710,428,7,4,11
"elytra","november",1711,428,10,17,15
"brotec","september",1712,428,11,20,1
"brotec","april",1713,429,6,1,1
"vendub","september",1714,429,7,4,12
"psespi","april",1715,429,10,17,2
"vendub","august",1716,429,11,20,18
"linlew","june",1717,430,6,1,19
"psespi","may",1718,430,7,4,14
"vendub","june",1719,430,10,17,15
"elytra","june",1720,430,11,20,12
"gaiari","september",1721,431,6,1,1
"gaiari","july",1722,431,7,4,15
"elytra","september",1723,431,10,17,17
"vendub","may",1724,431,11,20,18
"vendub","may",1725,432,6,1,19
"achmil","november",1726,432,7,4,12
"poasec","may",1727,432,10,17,2
"centsto","september",1728,432,11,20,7
"brotec","july",1729,433,6,1,15
"linlew","july",1730,433,7,4,3
"ratcol","july",1731,433,10,17,20
"centsto","november",1732,433,11,20,13
"vendub","july",1733,434,6,1,5
"poasec","august",1734,434,7,4,8
"centsto","june",1735,434,10,17,15
"ratcol","september",1736,434,11,20,14
"poasec","june",1737,435,6,1,2
"gaiari","september",1738,435,7,4,4
"brotec","november",1739,435,10,17,20
"vendub","april",1740,435,11,20,1
"achmil","july",1741,436,6,1,7
"linlew","may",1742,436,7,4,13
"elytra","april",1743,436,10,17,15
"centsto","november",1744,436,11,20,2
"gaiari","september",1745,437,6,1,15
"ratcol","august",1746,437,7,4,13
"ratcol","may",1747,437,10,17,10
"elytra","june",1748,437,11,20,3
"poasec","august",1749,438,6,1,6
"achmil","may",1750,438,7,4,2
"brotec","november",1751,438,10,17,5
"elytra","july",1752,438,11,20,14
"linlew","april",1753,439,6,1,18
"poasec","april",1754,439,7,4,5
"poasec","may",1755,439,10,17,19
"achmil","november",1756,439,11,20,17
"achmil","july",1757,440,6,1,9
"poasec","july",1758,440,7,4,15
"psespi","july",1759,440,10,17,18
"gaiari","november",1760,440,11,20,14
"ratcol","september",1761,441,6,1,2
"poasec","july",1762,441,7,4,4
"brotec","november",1763,441,10,17,8
"ratcol","november",1764,441,11,20,3
"elytra","july",1765,442,6,1,4
"centsto","august",1766,442,7,4,17
"poasec","november",1767,442,10,17,2
"vendub","august",1768,442,11,20,10
"brotec","july",1769,443,6,1,18
"centsto","april",1770,443,7,4,5
"poasec","july",1771,443,10,17,19
"poasec","september",1772,443,11,20,17
"poasec","july",1773,444,6,1,1
"elytra","june",1774,444,7,4,14
"centsto","april",1775,444,10,17,12
"achmil","july",1776,444,11,20,19
"ratcol","april",1777,445,6,1,19
"vendub","november",1778,445,7,4,15
"elytra","august",1779,445,10,17,20
"achmil","august",1780,445,11,20,8
"poasec","september",1781,446,6,1,18
"psespi","july",1782,446,7,4,20
"brotec","april",1783,446,10,17,8
"gaiari","may",1784,446,11,20,17
"ratcol","september",1785,447,6,1,15
"gaiari","july",1786,447,7,4,17
"achmil","september",1787,447,10,17,11
"psespi","august",1788,447,11,20,5
"psespi","may",1789,448,6,1,2
"poasec","july",1790,448,7,4,1
"elytra","april",1791,448,10,17,4
"gaiari","april",1792,448,11,20,14
"psespi","april",1793,449,6,1,17
"gaiari","august",1794,449,7,4,16
"brotec","august",1795,449,10,17,2
"centsto","november",1796,449,11,20,8
"brotec","september",1797,450,6,1,5
"psespi","april",1798,450,7,4,16
"poasec","july",1799,450,10,17,13
"elytra","september",1800,450,11,20,15
"elytra","september",1801,451,6,1,7
"psespi","april",1802,451,7,4,20
"centsto","august",1803,451,10,17,13
"vendub","april",1804,451,11,20,18
"vendub","may",1805,452,6,1,14
"gaiari","august",1806,452,7,4,16
"brotec","april",1807,452,10,17,3
"achmil","july",1808,452,11,20,19
"psespi","april",1809,453,6,1,19
"vendub","july",1810,453,7,4,2
"psespi","july",1811,453,10,17,20
"psespi","november",1812,453,11,20,1
"achmil","june",1813,454,6,1,2
"psespi","july",1814,454,7,4,7
"vendub","may",1815,454,10,17,20
"poasec","june",1816,454,11,20,8
"centsto","november",1817,455,6,1,6
"gaiari","april",1818,455,7,4,10
"vendub","may",1819,455,10,17,3
"gaiari","june",1820,455,11,20,19
"ratcol","july",1821,456,6,1,17
"brotec","may",1822,456,7,4,9
"centsto","september",1823,456,10,17,15
"poasec","august",1824,456,11,20,20
"poasec","may",1825,457,6,1,18
"gaiari","august",1826,457,7,4,16
"psespi","may",1827,457,10,17,1
"centsto","september",1828,457,11,20,3
"vendub","july",1829,458,6,1,16
"gaiari","november",1830,458,7,4,10
"linlew","july",1831,458,10,17,4
"achmil","november",1832,458,11,20,8
"linlew","november",1833,459,6,1,17
"ratcol","november",1834,459,7,4,16
"elytra","november",1835,459,10,17,4
"elytra","april",1836,459,11,20,11
"psespi","june",1837,460,6,1,10
"elytra","november",1838,460,7,4,4
"elytra","april",1839,460,10,17,12
"poasec","july",1840,460,11,20,19
"gaiari","july",1841,461,6,1,10
"gaiari","november",1842,461,7,4,18
"brotec","june",1843,461,10,17,15
"elytra","august",1844,461,11,20,12
"ratcol","september",1845,462,6,1,2
"poasec","april",1846,462,7,4,19
"elytra","april",1847,462,10,17,17
"vendub","may",1848,462,11,20,13
"psespi","april",1849,463,6,1,14
"poasec","august",1850,463,7,4,9
"achmil","may",1851,463,10,17,8
"gaiari","july",1852,463,11,20,13
"elytra","june",1853,464,6,1,11
"vendub","november",1854,464,7,4,5
"vendub","april",1855,464,10,17,14
"elytra","november",1856,464,11,20,4
"poasec","november",1857,465,6,1,20
"ratcol","september",1858,465,7,4,13
"psespi","august",1859,465,10,17,3
"elytra","july",1860,465,11,20,14
"psespi","april",1861,466,6,1,4
"vendub","september",1862,466,7,4,5
"linlew","september",1863,466,10,17,17
"brotec","august",1864,466,11,20,2
"brotec","june",1865,467,6,1,17
"gaiari","july",1866,467,7,4,10
"centsto","june",1867,467,10,17,4
"brotec","may",1868,467,11,20,14
"gaiari","august",1869,468,6,1,17
"vendub","may",1870,468,7,4,5
"centsto","june",1871,468,10,17,14
"vendub","june",1872,468,11,20,3
"elytra","november",1873,469,6,1,10
"vendub","july",1874,469,7,4,5
"psespi","september",1875,469,10,17,1
"centsto","july",1876,469,11,20,15
"poasec","november",1877,470,6,1,18
"elytra","september",1878,470,7,4,10
"centsto","april",1879,470,10,17,16
"linlew","may",1880,470,11,20,15
"poasec","november",1881,471,6,1,17
"linlew","august",1882,471,7,4,7
"ratcol","may",1883,471,10,17,16
"linlew","august",1884,471,11,20,14
"centsto","may",1885,472,6,1,11
"linlew","september",1886,472,7,4,12
"centsto","july",1887,472,10,17,13
"poasec","april",1888,472,11,20,15
"psespi","may",1889,473,6,1,13
"elytra","july",1890,473,7,4,1
"vendub","november",1891,473,10,17,12
"poasec","may",1892,473,11,20,19
"ratcol","november",1893,474,6,1,15
"brotec","april",1894,474,7,4,11
"achmil","september",1895,474,10,17,5
"achmil","august",1896,474,11,20,3
"centsto","june",1897,475,6,1,2
"elytra","september",1898,475,7,4,12
"gaiari","july",1899,475,10,17,6
"centsto","september",1900,475,11,20,7
"ratcol","november",1901,476,6,1,4
"vendub","july",1902,476,7,4,10
"brotec","april",1903,476,10,17,11
"vendub","august",1904,476,11,20,9
"psespi","august",1905,477,6,1,8
"brotec","may",1906,477,7,4,14
"poasec","august",1907,477,10,17,19
"centsto","may",1908,477,11,20,7
"poasec","june",1909,478,6,1,6
"linlew","september",1910,478,7,4,19
"psespi","may",1911,478,10,17,15
"poasec","november",1912,478,11,20,9
"elytra","july",1913,479,6,1,19
"ratcol","november",1914,479,7,4,15
"ratcol","june",1915,479,10,17,5
"ratcol","november",1916,479,11,20,6
"psespi","august",1917,480,6,1,9
"centsto","august",1918,480,7,4,15
"ratcol","november",1919,480,10,17,4
"vendub","july",1920,480,11,20,20
"achmil","september",1921,481,6,1,8
"linlew","april",1922,481,7,4,7
"linlew","august",1923,481,10,17,18
"achmil","june",1924,481,11,20,10
"gaiari","may",1925,482,6,1,12
"centsto","april",1926,482,7,4,11
"ratcol","july",1927,482,10,17,6
"psespi","june",1928,482,11,20,19
"ratcol","may",1929,483,6,1,9
"vendub","august",1930,483,7,4,19
"gaiari","april",1931,483,10,17,2
"achmil","november",1932,483,11,20,3
"ratcol","august",1933,484,6,1,15
"elytra","may",1934,484,7,4,13
"linlew","may",1935,484,10,17,1
"psespi","september",1936,484,11,20,17
"elytra","august",1937,485,6,1,10
"gaiari","august",1938,485,7,4,14
"achmil","may",1939,485,10,17,11
"gaiari","june",1940,485,11,20,3
"poasec","april",1941,486,6,1,15
"centsto","may",1942,486,7,4,3
"vendub","august",1943,486,10,17,20
"gaiari","july",1944,486,11,20,17
"linlew","may",1945,487,6,1,17
"centsto","june",1946,487,7,4,3
"centsto","june",1947,487,10,17,11
"elytra","may",1948,487,11,20,18
"poasec","august",1949,488,6,1,7
"poasec","november",1950,488,7,4,14
"gaiari","november",1951,488,10,17,10
"ratcol","september",1952,488,11,20,8
"psespi","july",1953,489,6,1,12
"achmil","november",1954,489,7,4,7
"ratcol","november",1955,489,10,17,19
"linlew","november",1956,489,11,20,13
"vendub","april",1957,490,6,1,20
"gaiari","november",1958,490,7,4,9
"ratcol","may",1959,490,10,17,19
"vendub","april",1960,490,11,20,16
"brotec","november",1961,491,6,1,18
"vendub","november",1962,491,7,4,12
"psespi","september",1963,491,10,17,11
"elytra","august",1964,491,11,20,1
"gaiari","july",1965,492,6,1,3
"centsto","august",1966,492,7,4,14
"brotec","september",1967,492,10,17,18
"vendub","may",1968,492,11,20,7
"brotec","july",1969,493,6,1,11
"poasec","may",1970,493,7,4,19
"poasec","july",1971,493,10,17,6
"centsto","august",1972,493,11,20,16
"centsto","september",1973,494,6,1,13
"achmil","may",1974,494,7,4,16
"centsto","april",1975,494,10,17,14
"poasec","september",1976,494,11,20,15
"poasec","september",1977,495,6,1,7
"psespi","july",1978,495,7,4,1
"linlew","april",1979,495,10,17,16
"vendub","june",1980,495,11,20,20
"gaiari","june",1981,496,6,1,2
"achmil","july",1982,496,7,4,20
"ratcol","july",1983,496,10,17,5
"centsto","may",1984,496,11,20,16
"gaiari","july",1985,497,6,1,10
"psespi","june",1986,497,7,4,12
"elytra","june",1987,497,10,17,18
"centsto","april",1988,497,11,20,9
"brotec","june",1989,498,6,1,20
"linlew","september",1990,498,7,4,6
"brotec","april",1991,498,10,17,12
"centsto","may",1992,498,11,20,1
"linlew","november",1993,499,6,1,16
"ratcol","may",1994,499,7,4,8
"elytra","june",1995,499,10,17,18
"linlew","august",1996,499,11,20,15
"achmil","april",1997,500,6,1,15
"achmil","november",1998,500,7,4,9
"centsto","september",1999,500,10,17,4
"gaiari","may",2000,500,11,20,20
"brotec","june",2001,501,6,1,7
"vendub","june",2002,501,7,4,14
"brotec","november",2003,501,10,17,8
"elytra","september",2004,501,11,20,10
"vendub","july",2005,502,6,1,9
"vendub","november",2006,502,7,4,7
"poasec","june",2007,502,10,17,4
"brotec","july",2008,502,11,20,10
"vendub","september",2009,503,6,1,1
"vendub","september",2010,503,7,4,20
"gaiari","november",2011,503,10,17,12
"elytra","august",2012,503,11,20,14
"brotec","june",2013,504,6,1,2
"brotec","november",2014,504,7,4,12
"poasec","april",2015,504,10,17,7
"ratcol","june",2016,504,11,20,1
"centsto","may",2017,505,6,1,19
"elytra","june",2018,505,7,4,3
"centsto","june",2019,505,10,17,4
"ratcol","april",2020,505,11,20,12
"gaiari","may",2021,506,6,1,17
"achmil","july",2022,506,7,4,11
"elytra","april",2023,506,10,17,20
"linlew","may",2024,506,11,20,16
"poasec","june",2025,507,6,1,7
"ratcol","april",2026,507,7,4,18
"ratcol","july",2027,507,10,17,9
"poasec","september",2028,507,11,20,2
"elytra","may",2029,508,6,1,4
"centsto","june",2030,508,7,4,5
"psespi","august",2031,508,10,17,15
"gaiari","june",2032,508,11,20,14
"centsto","july",2033,509,6,1,10
"ratcol","august",2034,509,7,4,7
"elytra","august",2035,509,10,17,19
"brotec","june",2036,509,11,20,1
"vendub","november",2037,510,6,1,1
"linlew","may",2038,510,7,4,4
"linlew","may",2039,510,10,17,19
"ratcol","august",2040,510,11,20,12
"gaiari","september",2041,511,6,1,2
"ratcol","may",2042,511,7,4,3
"gaiari","november",2043,511,10,17,18
"linlew","may",2044,511,11,20,17
"linlew","may",2045,512,6,1,9
"achmil","june",2046,512,7,4,7
"psespi","july",2047,512,10,17,17
"brotec","june",2048,512,11,20,13
"psespi","april",2049,513,6,1,12
"vendub","july",2050,513,7,4,10
"ratcol","april",2051,513,10,17,19
"elytra","may",2052,513,11,20,5
"vendub","may",2053,514,6,1,12
"psespi","april",2054,514,7,4,17
"psespi","june",2055,514,10,17,18
"centsto","july",2056,514,11,20,4
"poasec","july",2057,515,6,1,10
"psespi","april",2058,515,7,4,12
"poasec","july",2059,515,10,17,8
"achmil","november",2060,515,11,20,9
"poasec","november",2061,516,6,1,3
"centsto","june",2062,516,7,4,17
"brotec","november",2063,516,10,17,12
"vendub","november",2064,516,11,20,11
"vendub","may",2065,517,6,1,15
"vendub","november",2066,517,7,4,17
"ratcol","april",2067,517,10,17,9
"elytra","september",2068,517,11,20,16
"linlew","august",2069,518,6,1,1
"centsto","september",2070,518,7,4,10
"ratcol","june",2071,518,10,17,20
"poasec","may",2072,518,11,20,7
"centsto","june",2073,519,6,1,12
"vendub","july",2074,519,7,4,19
"linlew","july",2075,519,10,17,14
"achmil","august",2076,519,11,20,3
"brotec","may",2077,520,6,1,5
"gaiari","april",2078,520,7,4,12
"linlew","july",2079,520,10,17,1
"ratcol","september",2080,520,11,20,2
"psespi","november",2081,521,6,1,14
"elytra","november",2082,521,7,4,7
"poasec","august",2083,521,10,17,15
"elytra","september",2084,521,11,20,17
"poasec","september",2085,522,6,1,13
"centsto","april",2086,522,7,4,8
"gaiari","june",2087,522,10,17,1
"brotec","september",2088,522,11,20,3
"gaiari","may",2089,523,6,1,5
"psespi","july",2090,523,7,4,2
"ratcol","november",2091,523,10,17,7
"achmil","june",2092,523,11,20,17
"linlew","november",2093,524,6,1,20
"centsto","november",2094,524,7,4,13
"psespi","may",2095,524,10,17,4
"psespi","november",2096,524,11,20,2
"vendub","may",2097,525,6,1,4
"psespi","june",2098,525,7,4,8
"brotec","july",2099,525,10,17,3
"centsto","september",2100,525,11,20,9
"brotec","april",2101,526,6,1,8
"poasec","november",2102,526,7,4,7
"poasec","november",2103,526,10,17,20
"psespi","november",2104,526,11,20,4
"brotec","september",2105,527,6,1,19
"ratcol","may",2106,527,7,4,11
"gaiari","may",2107,527,10,17,20
"linlew","august",2108,527,11,20,6
"poasec","june",2109,528,6,1,4
"gaiari","november",2110,528,7,4,1
"vendub","august",2111,528,10,17,3
"gaiari","september",2112,528,11,20,11
"poasec","november",2113,529,6,1,3
"poasec","november",2114,529,7,4,18
"elytra","april",2115,529,10,17,8
"centsto","july",2116,529,11,20,16
"elytra","july",2117,530,6,1,4
"poasec","november",2118,530,7,4,2
"psespi","november",2119,530,10,17,18
"psespi","september",2120,530,11,20,8
"psespi","september",2121,531,6,1,12
"brotec","april",2122,531,7,4,17
"vendub","november",2123,531,10,17,6
"vendub","november",2124,531,11,20,15
"achmil","june",2125,532,6,1,20
"poasec","april",2126,532,7,4,13
"psespi","april",2127,532,10,17,6
"elytra","august",2128,532,11,20,10
"psespi","may",2129,533,6,1,13
"linlew","july",2130,533,7,4,16
"psespi","july",2131,533,10,17,3
"linlew","november",2132,533,11,20,9
"brotec","april",2133,534,6,1,15
"brotec","september",2134,534,7,4,6
"brotec","september",2135,534,10,17,9
"ratcol","july",2136,534,11,20,16
"gaiari","august",2137,535,6,1,20
"gaiari","july",2138,535,7,4,19
"centsto","july",2139,535,10,17,4
"psespi","july",2140,535,11,20,13
"brotec","september",2141,536,6,1,7
"gaiari","may",2142,536,7,4,16
"gaiari","november",2143,536,10,17,11
"elytra","july",2144,536,11,20,14
"achmil","july",2145,537,6,1,4
"elytra","november",2146,537,7,4,15
"poasec","september",2147,537,10,17,16
"linlew","june",2148,537,11,20,10
"elytra","april",2149,538,6,1,11
"linlew","june",2150,538,7,4,19
"centsto","november",2151,538,10,17,1
"psespi","july",2152,538,11,20,5
"gaiari","august",2153,539,6,1,16
"linlew","april",2154,539,7,4,2
"poasec","august",2155,539,10,17,10
"achmil","july",2156,539,11,20,5
"ratcol","august",2157,540,6,1,16
"linlew","november",2158,540,7,4,12
"psespi","july",2159,540,10,17,15
"vendub","september",2160,540,11,20,1
"ratcol","august",2161,541,6,1,12
"psespi","november",2162,541,7,4,8
"ratcol","september",2163,541,10,17,10
"gaiari","may",2164,541,11,20,18
"gaiari","april",2165,542,6,1,7
"centsto","july",2166,542,7,4,10
"elytra","august",2167,542,10,17,15
"psespi","november",2168,542,11,20,6
"vendub","june",2169,543,6,1,5
"brotec","september",2170,543,7,4,19
"ratcol","august",2171,543,10,17,7
"achmil","august",2172,543,11,20,12
"poasec","june",2173,544,6,1,15
"brotec","may",2174,544,7,4,4
"linlew","april",2175,544,10,17,6
"elytra","june",2176,544,11,20,5
"centsto","june",2177,545,6,1,16
"centsto","august",2178,545,7,4,9
"brotec","may",2179,545,10,17,18
"poasec","july",2180,545,11,20,4
"ratcol","november",2181,546,6,1,13
"achmil","september",2182,546,7,4,16
"poasec","may",2183,546,10,17,20
"linlew","september",2184,546,11,20,3
"centsto","august",2185,547,6,1,6
"achmil","may",2186,547,7,4,17
"poasec","may",2187,547,10,17,20
"poasec","november",2188,547,11,20,10
"achmil","june",2189,548,6,1,20
"vendub","june",2190,548,7,4,8
"brotec","june",2191,548,10,17,19
"gaiari","august",2192,548,11,20,3
"brotec","september",2193,549,6,1,10
"gaiari","april",2194,549,7,4,18
"ratcol","july",2195,549,10,17,19
"ratcol","june",2196,549,11,20,5
"achmil","april",2197,550,6,1,15
"psespi","september",2198,550,7,4,20
"gaiari","november",2199,550,10,17,19
"ratcol","september",2200,550,11,20,2
"psespi","may",2201,551,6,1,5
"psespi","may",2202,551,7,4,17
"psespi","september",2203,551,10,17,6
"gaiari","july",2204,551,11,20,20
"gaiari","may",2205,552,6,1,4
"ratcol","august",2206,552,7,4,14
"ratcol","may",2207,552,10,17,15
"ratcol","july",2208,552,11,20,12
"achmil","may",2209,553,6,1,18
"psespi","may",2210,553,7,4,6
"psespi","july",2211,553,10,17,19
"poasec","september",2212,553,11,20,16
"achmil","may",2213,554,6,1,15
"elytra","april",2214,554,7,4,16
"vendub","august",2215,554,10,17,2
"elytra","may",2216,554,11,20,10
"psespi","april",2217,555,6,1,19
"linlew","april",2218,555,7,4,8
"linlew","april",2219,555,10,17,15
"linlew","june",2220,555,11,20,5
"vendub","april",2221,556,6,1,3
"linlew","may",2222,556,7,4,11
"achmil","november",2223,556,10,17,4
"gaiari","june",2224,556,11,20,7
"elytra","november",2225,557,6,1,14
"poasec","september",2226,557,7,4,10
"elytra","may",2227,557,10,17,15
"gaiari","april",2228,557,11,20,3
"centsto","august",2229,558,6,1,15
"elytra","may",2230,558,7,4,4
"linlew","august",2231,558,10,17,2
"linlew","june",2232,558,11,20,14
"gaiari","may",2233,559,6,1,1
"gaiari","april",2234,559,7,4,18
"linlew","august",2235,559,10,17,5
"achmil","august",2236,559,11,20,20
"centsto","july",2237,560,6,1,2
"linlew","june",2238,560,7,4,11
"achmil","august",2239,560,10,17,4
"poasec","november",2240,560,11,20,19
"elytra","may",2241,561,6,1,13
"gaiari","august",2242,561,7,4,6
"psespi","may",2243,561,10,17,5
"ratcol","july",2244,561,11,20,16
"brotec","may",2245,562,6,1,14
"linlew","july",2246,562,7,4,3
"elytra","november",2247,562,10,17,18
"brotec","september",2248,562,11,20,20
"gaiari","november",2249,563,6,1,20
"brotec","august",2250,563,7,4,2
"ratcol","november",2251,563,10,17,9
"brotec","april",2252,563,11,20,17
"linlew","june",2253,564,6,1,14
"brotec","april",2254,564,7,4,5
"linlew","april",2255,564,10,17,3
"ratcol","july",2256,564,11,20,4
"elytra","november",2257,565,6,1,18
"achmil","november",2258,565,7,4,6
"linlew","august",2259,565,10,17,1
"poasec","august",2260,565,11,20,5
"elytra","august",2261,566,6,1,15
"elytra","september",2262,566,7,4,9
"gaiari","november",2263,566,10,17,4
"linlew","august",2264,566,11,20,8
"linlew","july",2265,567,6,1,14
"poasec","may",2266,567,7,4,9
"centsto","august",2267,567,10,17,19
"psespi","may",2268,567,11,20,15
"gaiari","july",2269,568,6,1,15
"achmil","june",2270,568,7,4,3
"psespi","september",2271,568,10,17,14
"achmil","july",2272,568,11,20,19
"psespi","september",2273,569,6,1,3
"psespi","november",2274,569,7,4,6
"vendub","april",2275,569,10,17,5
"centsto","november",2276,569,11,20,14
"linlew","july",2277,570,6,1,16
"vendub","may",2278,570,7,4,3
"ratcol","july",2279,570,10,17,10
"achmil","july",2280,570,11,20,13
"ratcol","may",2281,571,6,1,6
"gaiari","june",2282,571,7,4,16
"vendub","april",2283,571,10,17,7
"psespi","november",2284,571,11,20,9
"poasec","july",2285,572,6,1,14
"psespi","may",2286,572,7,4,1
"brotec","july",2287,572,10,17,3
"achmil","august",2288,572,11,20,8
"vendub","november",2289,573,6,1,19
"centsto","april",2290,573,7,4,18
"vendub","july",2291,573,10,17,2
"gaiari","june",2292,573,11,20,4
"poasec","april",2293,574,6,1,12
"poasec","april",2294,574,7,4,17
"poasec","november",2295,574,10,17,19
"gaiari","may",2296,574,11,20,15
"centsto","may",2297,575,6,1,19
"centsto","june",2298,575,7,4,13
"vendub","september",2299,575,10,17,2
"psespi","may",2300,575,11,20,1
"achmil","september",2301,576,6,1,5
"vendub","june",2302,576,7,4,17
"ratcol","november",2303,576,10,17,6
"brotec","july",2304,576,11,20,10
"elytra","september",2305,577,6,1,15
"psespi","june",2306,577,7,4,14
"brotec","july",2307,577,10,17,6
"linlew","july",2308,577,11,20,10
"brotec","may",2309,578,6,1,7
"achmil","june",2310,578,7,4,11
"centsto","june",2311,578,10,17,10
"poasec","july",2312,578,11,20,12
"ratcol","may",2313,579,6,1,14
"vendub","july",2314,579,7,4,7
"brotec","july",2315,579,10,17,3
"elytra","july",2316,579,11,20,15
"achmil","august",2317,580,6,1,11
"elytra","august",2318,580,7,4,19
"brotec","june",2319,580,10,17,2
"vendub","july",2320,580,11,20,20
"linlew","june",2321,581,6,1,11
"ratcol","june",2322,581,7,4,20
"centsto","july",2323,581,10,17,4
"ratcol","july",2324,581,11,20,3
"brotec","july",2325,582,6,1,10
"poasec","april",2326,582,7,4,14
"ratcol","august",2327,582,10,17,18
"vendub","may",2328,582,11,20,17
"ratcol","november",2329,583,6,1,2
"achmil","may",2330,583,7,4,13
"linlew","november",2331,583,10,17,15
"centsto","august",2332,583,11,20,3
"achmil","april",2333,584,6,1,19
"centsto","september",2334,584,7,4,11
"centsto","april",2335,584,10,17,7
"vendub","april",2336,584,11,20,2
"linlew","september",2337,585,6,1,16
"elytra","november",2338,585,7,4,4
"poasec","august",2339,585,10,17,1
"linlew","april",2340,585,11,20,12
"achmil","september",2341,586,6,1,18
"linlew","april",2342,586,7,4,7
"linlew","november",2343,586,10,17,1
"poasec","april",2344,586,11,20,6
"centsto","june",2345,587,6,1,13
"psespi","june",2346,587,7,4,19
"psespi","may",2347,587,10,17,20
"poasec","november",2348,587,11,20,6
"gaiari","april",2349,588,6,1,12
"gaiari","june",2350,588,7,4,20
"brotec","august",2351,588,10,17,2
"elytra","june",2352,588,11,20,5
"linlew","september",2353,589,6,1,12
"psespi","july",2354,589,7,4,16
"linlew","august",2355,589,10,17,20
"elytra","november",2356,589,11,20,7
"elytra","september",2357,590,6,1,7
"achmil","june",2358,590,7,4,9
"achmil","june",2359,590,10,17,10
"achmil","august",2360,590,11,20,11
"linlew","may",2361,591,6,1,10
"achmil","september",2362,591,7,4,7
"psespi","april",2363,591,10,17,18
"elytra","september",2364,591,11,20,14
"ratcol","september",2365,592,6,1,5
"brotec","june",2366,592,7,4,9
"elytra","july",2367,592,10,17,11
"poasec","august",2368,592,11,20,3
"elytra","june",2369,593,6,1,17
"achmil","november",2370,593,7,4,9
"centsto","may",2371,593,10,17,13
"gaiari","july",2372,593,11,20,19
"ratcol","april",2373,594,6,1,9
"poasec","june",2374,594,7,4,16
"centsto","september",2375,594,10,17,12
"achmil","november",2376,594,11,20,1
"gaiari","november",2377,595,6,1,5
"achmil","may",2378,595,7,4,18
"achmil","april",2379,595,10,17,11
"gaiari","july",2380,595,11,20,3
"poasec","june",2381,596,6,1,6
"ratcol","september",2382,596,7,4,11
"elytra","july",2383,596,10,17,15
"poasec","august",2384,596,11,20,8
"elytra","november",2385,597,6,1,2
"linlew","june",2386,597,7,4,4
"gaiari","november",2387,597,10,17,11
"psespi","november",2388,597,11,20,7
"ratcol","november",2389,598,6,1,18
"brotec","august",2390,598,7,4,3
"psespi","november",2391,598,10,17,20
"ratcol","june",2392,598,11,20,12
"linlew","june",2393,599,6,1,19
"linlew","july",2394,599,7,4,11
"vendub","september",2395,599,10,17,20
"psespi","august",2396,599,11,20,7
"centsto","august",2397,600,6,1,10
"elytra","april",2398,600,7,4,20
"psespi","may",2399,600,10,17,15
"ratcol","november",2400,600,11,20,2
"elytra","june",2401,601,6,1,2
"psespi","april",2402,601,7,4,18
"vendub","april",2403,601,10,17,6
"centsto","july",2404,601,11,20,10
"brotec","june",2405,602,6,1,6
"gaiari","june",2406,602,7,4,9
"achmil","may",2407,602,10,17,5
"poasec","august",2408,602,11,20,8
"gaiari","june",2409,603,6,1,14
"centsto","november",2410,603,7,4,10
"linlew","november",2411,603,10,17,3
"vendub","june",2412,603,11,20,5
"achmil","november",2413,604,6,1,18
"psespi","may",2414,604,7,4,12
"psespi","july",2415,604,10,17,1
"linlew","july",2416,604,11,20,17
"vendub","september",2417,605,6,1,15
"linlew","july",2418,605,7,4,19
"vendub","june",2419,605,10,17,12
"psespi","november",2420,605,11,20,3
"gaiari","april",2421,606,6,1,7
"vendub","november",2422,606,7,4,15
"vendub","august",2423,606,10,17,19
"psespi","april",2424,606,11,20,8
"psespi","november",2425,607,6,1,4
"centsto","november",2426,607,7,4,1
"brotec","november",2427,607,10,17,17
"poasec","april",2428,607,11,20,8
"gaiari","november",2429,608,6,1,20
"centsto","july",2430,608,7,4,9
"linlew","september",2431,608,10,17,15
"elytra","july",2432,608,11,20,10
"linlew","may",2433,609,6,1,18
"brotec","november",2434,609,7,4,9
"ratcol","september",2435,609,10,17,5
"poasec","july",2436,609,11,20,20
"gaiari","september",2437,610,6,1,10
"brotec","may",2438,610,7,4,11
"centsto","may",2439,610,10,17,18
"psespi","september",2440,610,11,20,8
"achmil","september",2441,611,6,1,11
"poasec","september",2442,611,7,4,20
"elytra","april",2443,611,10,17,1
"linlew","june",2444,611,11,20,14
"vendub","november",2445,612,6,1,9
"psespi","august",2446,612,7,4,6
"brotec","november",2447,612,10,17,17
"poasec","may",2448,612,11,20,10
"linlew","september",2449,613,6,1,15
"psespi","june",2450,613,7,4,17
"centsto","april",2451,613,10,17,8
"vendub","may",2452,613,11,20,13
"gaiari","april",2453,614,6,1,14
"poasec","august",2454,614,7,4,8
"vendub","june",2455,614,10,17,2
"elytra","may",2456,614,11,20,11
"achmil","may",2457,615,6,1,6
"achmil","june",2458,615,7,4,13
"gaiari","may",2459,615,10,17,14
"achmil","september",2460,615,11,20,7
"linlew","august",2461,616,6,1,11
"gaiari","june",2462,616,7,4,20
"elytra","august",2463,616,10,17,17
"linlew","may",2464,616,11,20,9
"centsto","july",2465,617,6,1,1
"achmil","november",2466,617,7,4,19
"centsto","august",2467,617,10,17,6
"achmil","may",2468,617,11,20,18
"elytra","june",2469,618,6,1,18
"poasec","july",2470,618,7,4,4
"brotec","april",2471,618,10,17,5
"vendub","may",2472,618,11,20,1
"elytra","july",2473,619,6,1,20
"psespi","september",2474,619,7,4,9
"linlew","september",2475,619,10,17,8
"achmil","november",2476,619,11,20,2
"brotec","june",2477,620,6,1,19
"ratcol","june",2478,620,7,4,7
"brotec","september",2479,620,10,17,20
"vendub","july",2480,620,11,20,9
"vendub","june",2481,621,6,1,19
"linlew","june",2482,621,7,4,14
"linlew","november",2483,621,10,17,13
"brotec","august",2484,621,11,20,9
"ratcol","april",2485,622,6,1,10
"gaiari","august",2486,622,7,4,20
"brotec","august",2487,622,10,17,4
"vendub","july",2488,622,11,20,11
"poasec","may",2489,623,6,1,12
"centsto","august",2490,623,7,4,4
"ratcol","september",2491,623,10,17,11
"vendub","august",2492,623,11,20,17
"brotec","july",2493,624,6,1,6
"brotec","may",2494,624,7,4,14
"elytra","april",2495,624,10,17,13
"gaiari","june",2496,624,11,20,18
"poasec","june",2497,625,6,1,1
"gaiari","may",2498,625,7,4,9
"ratcol","april",2499,625,10,17,11
"vendub","april",2500,625,11,20,15
"achmil","july",2501,626,6,1,19
"achmil","may",2502,626,7,4,9
"brotec","june",2503,626,10,17,1
"centsto","june",2504,626,11,20,20
"ratcol","august",2505,627,6,1,14
"gaiari","july",2506,627,7,4,5
"vendub","september",2507,627,10,17,9
"gaiari","june",2508,627,11,20,8
"psespi","august",2509,628,6,1,5
"gaiari","june",2510,628,7,4,2
"gaiari","august",2511,628,10,17,17
"linlew","july",2512,628,11,20,12
"ratcol","september",2513,629,6,1,8
"poasec","june",2514,629,7,4,17
"gaiari","april",2515,629,10,17,9
"ratcol","june",2516,629,11,20,15
"vendub","june",2517,630,6,1,6
"ratcol","june",2518,630,7,4,5
"linlew","may",2519,630,10,17,1
"centsto","november",2520,630,11,20,15
"gaiari","may",2521,631,6,1,19
"linlew","july",2522,631,7,4,2
"elytra","november",2523,631,10,17,5
"poasec","november",2524,631,11,20,17
"psespi","september",2525,632,6,1,20
"gaiari","august",2526,632,7,4,10
"psespi","august",2527,632,10,17,9
"elytra","april",2528,632,11,20,1
"centsto","april",2529,633,6,1,3
"poasec","july",2530,633,7,4,11
"elytra","may",2531,633,10,17,19
"gaiari","may",2532,633,11,20,17
"centsto","august",2533,634,6,1,5
"achmil","april",2534,634,7,4,8
"psespi","august",2535,634,10,17,15
"centsto","july",2536,634,11,20,18
"linlew","september",2537,635,6,1,18
"achmil","september",2538,635,7,4,20
"vendub","may",2539,635,10,17,2
"elytra","september",2540,635,11,20,7
"linlew","june",2541,636,6,1,7
"linlew","june",2542,636,7,4,9
"poasec","july",2543,636,10,17,16
"elytra","april",2544,636,11,20,3
"achmil","august",2545,637,6,1,12
"ratcol","june",2546,637,7,4,19
"linlew","august",2547,637,10,17,5
"gaiari","april",2548,637,11,20,4
"poasec","april",2549,638,6,1,9
"brotec","may",2550,638,7,4,5
"achmil","april",2551,638,10,17,4
"brotec","may",2552,638,11,20,17
"linlew","september",2553,639,6,1,6
"ratcol","august",2554,639,7,4,7
"centsto","june",2555,639,10,17,4
"psespi","june",2556,639,11,20,17
"gaiari","september",2557,640,6,1,1
"centsto","november",2558,640,7,4,17
"vendub","november",2559,640,10,17,6
"poasec","august",2560,640,11,20,2
"psespi","august",2561,641,6,1,8
"linlew","june",2562,641,7,4,1
"poasec","june",2563,641,10,17,10
"achmil","june",2564,641,11,20,4
"gaiari","july",2565,642,6,1,7
"brotec","november",2566,642,7,4,1
"elytra","september",2567,642,10,17,11
"psespi","november",2568,642,11,20,13
"poasec","june",2569,643,6,1,9
"vendub","may",2570,643,7,4,5
"brotec","july",2571,643,10,17,6
"achmil","may",2572,643,11,20,7
"achmil","april",2573,644,6,1,13
"elytra","april",2574,644,7,4,3
"centsto","june",2575,644,10,17,20
"vendub","september",2576,644,11,20,9
"centsto","april",2577,645,6,1,19
"centsto","september",2578,645,7,4,3
"ratcol","april",2579,645,10,17,13
"brotec","april",2580,645,11,20,11
"psespi","may",2581,646,6,1,20
"elytra","july",2582,646,7,4,1
"poasec","september",2583,646,10,17,15
"brotec","august",2584,646,11,20,8
"centsto","july",2585,647,6,1,7
"poasec","august",2586,647,7,4,17
"elytra","april",2587,647,10,17,11
"gaiari","august",2588,647,11,20,15
"psespi","june",2589,648,6,1,16
"brotec","september",2590,648,7,4,2
"poasec","april",2591,648,10,17,18
"linlew","may",2592,648,11,20,7
"vendub","april",2593,649,6,1,4
"linlew","june",2594,649,7,4,14
"achmil","november",2595,649,10,17,19
"ratcol","november",2596,649,11,20,11
"linlew","june",2597,650,6,1,20
"centsto","august",2598,650,7,4,12
"brotec","september",2599,650,10,17,16
"elytra","september",2600,650,11,20,18
"vendub","november",2601,651,6,1,18
"gaiari","september",2602,651,7,4,2
"ratcol","september",2603,651,10,17,4
"psespi","september",2604,651,11,20,15
"centsto","august",2605,652,6,1,9
"achmil","july",2606,652,7,4,1
"brotec","september",2607,652,10,17,17
"vendub","september",2608,652,11,20,8
"vendub","august",2609,653,6,1,11
"linlew","april",2610,653,7,4,10
"centsto","november",2611,653,10,17,18
"ratcol","august",2612,653,11,20,5
"achmil","may",2613,654,6,1,17
"psespi","may",2614,654,7,4,3
"poasec","june",2615,654,10,17,1
"brotec","september",2616,654,11,20,12
"ratcol","july",2617,655,6,1,16
"achmil","june",2618,655,7,4,4
"linlew","september",2619,655,10,17,2
"vendub","july",2620,655,11,20,20
"psespi","june",2621,656,6,1,12
"centsto","april",2622,656,7,4,7
"elytra","november",2623,656,10,17,15
"linlew","june",2624,656,11,20,17
"linlew","november",2625,657,6,1,11
"vendub","august",2626,657,7,4,3
"poasec","september",2627,657,10,17,18
"poasec","may",2628,657,11,20,20
"achmil","november",2629,658,6,1,19
"gaiari","june",2630,658,7,4,5
"poasec","september",2631,658,10,17,17
"vendub","april",2632,658,11,20,4
"achmil","august",2633,659,6,1,10
"elytra","june",2634,659,7,4,14
"elytra","july",2635,659,10,17,4
"elytra","june",2636,659,11,20,12
"brotec","august",2637,660,6,1,15
"centsto","september",2638,660,7,4,18
"poasec","may",2639,660,10,17,5
"ratcol","may",2640,660,11,20,1
"psespi","september",2641,661,6,1,11
"centsto","july",2642,661,7,4,16
"centsto","june",2643,661,10,17,7
"linlew","april",2644,661,11,20,4
"psespi","august",2645,662,6,1,16
"elytra","july",2646,662,7,4,10
"elytra","april",2647,662,10,17,6
"linlew","september",2648,662,11,20,2
"elytra","june",2649,663,6,1,18
"poasec","june",2650,663,7,4,9
"vendub","september",2651,663,10,17,15
"gaiari","june",2652,663,11,20,13
"elytra","april",2653,664,6,1,4
"ratcol","september",2654,664,7,4,10
"achmil","april",2655,664,10,17,17
"ratcol","june",2656,664,11,20,2
"ratcol","july",2657,665,6,1,14
"gaiari","may",2658,665,7,4,9
"achmil","june",2659,665,10,17,11
"centsto","april",2660,665,11,20,18
"vendub","may",2661,666,6,1,15
"linlew","september",2662,666,7,4,14
"gaiari","august",2663,666,10,17,1
"centsto","november",2664,666,11,20,2
"elytra","april",2665,667,6,1,7
"ratcol","april",2666,667,7,4,11
"ratcol","june",2667,667,10,17,1
"brotec","september",2668,667,11,20,9
"ratcol","november",2669,668,6,1,1
"elytra","april",2670,668,7,4,20
"brotec","november",2671,668,10,17,13
"brotec","november",2672,668,11,20,9
"brotec","may",2673,669,6,1,8
"brotec","august",2674,669,7,4,6
"ratcol","april",2675,669,10,17,17
"vendub","april",2676,669,11,20,5
"poasec","september",2677,670,6,1,20
"vendub","november",2678,670,7,4,11
"vendub","july",2679,670,10,17,6
"brotec","july",2680,670,11,20,15
"brotec","august",2681,671,6,1,13
"vendub","june",2682,671,7,4,19
"psespi","august",2683,671,10,17,2
"gaiari","april",2684,671,11,20,15
"brotec","june",2685,672,6,1,12
"gaiari","august",2686,672,7,4,19
"achmil","november",2687,672,10,17,20
"gaiari","september",2688,672,11,20,16
"poasec","august",2689,673,6,1,20
"gaiari","august",2690,673,7,4,4
"linlew","may",2691,673,10,17,11
"brotec","may",2692,673,11,20,16
"gaiari","july",2693,674,6,1,19
"brotec","april",2694,674,7,4,11
"vendub","may",2695,674,10,17,6
"centsto","november",2696,674,11,20,1
"brotec","november",2697,675,6,1,7
"vendub","may",2698,675,7,4,11
"achmil","july",2699,675,10,17,13
"psespi","june",2700,675,11,20,17
"linlew","may",2701,676,6,1,10
"achmil","november",2702,676,7,4,8
"achmil","august",2703,676,10,17,18
"gaiari","august",2704,676,11,20,1
"linlew","april",2705,677,6,1,16
"vendub","june",2706,677,7,4,12
"elytra","april",2707,677,10,17,5
"vendub","august",2708,677,11,20,3
"poasec","november",2709,678,6,1,10
"poasec","june",2710,678,7,4,5
"psespi","april",2711,678,10,17,15
"achmil","august",2712,678,11,20,9
"psespi","may",2713,679,6,1,7
"poasec","april",2714,679,7,4,6
"brotec","august",2715,679,10,17,1
"elytra","november",2716,679,11,20,14
"psespi","july",2717,680,6,1,19
"vendub","august",2718,680,7,4,10
"linlew","july",2719,680,10,17,15
"linlew","august",2720,680,11,20,11
"linlew","november",2721,681,6,1,14
"brotec","august",2722,681,7,4,15
"vendub","april",2723,681,10,17,13
"gaiari","november",2724,681,11,20,11
"achmil","november",2725,682,6,1,20
"gaiari","may",2726,682,7,4,7
"vendub","april",2727,682,10,17,9
"elytra","august",2728,682,11,20,15
"linlew","august",2729,683,6,1,3
"gaiari","may",2730,683,7,4,4
"ratcol","august",2731,683,10,17,14
"elytra","april",2732,683,11,20,12
"brotec","june",2733,684,6,1,20
"elytra","may",2734,684,7,4,18
"gaiari","september",2735,684,10,17,13
"brotec","july",2736,684,11,20,11
"psespi","june",2737,685,6,1,12
"elytra","august",2738,685,7,4,10
"ratcol","november",2739,685,10,17,20
"psespi","may",2740,685,11,20,18
"vendub","may",2741,686,6,1,20
"elytra","july",2742,686,7,4,13
"elytra","april",2743,686,10,17,8
"psespi","september",2744,686,11,20,15
"centsto","july",2745,687,6,1,4
"achmil","july",2746,687,7,4,6
"poasec","august",2747,687,10,17,16
"elytra","may",2748,687,11,20,18
"vendub","september",2749,688,6,1,13
"vendub","september",2750,688,7,4,3
"centsto","september",2751,688,10,17,17
"vendub","april",2752,688,11,20,1
"brotec","september",2753,689,6,1,15
"brotec","june",2754,689,7,4,7
"psespi","june",2755,689,10,17,8
"achmil","june",2756,689,11,20,17
"poasec","may",2757,690,6,1,6
"gaiari","september",2758,690,7,4,17
"linlew","september",2759,690,10,17,11
"achmil","april",2760,690,11,20,19
"ratcol","april",2761,691,6,1,14
"achmil","july",2762,691,7,4,18
"ratcol","november",2763,691,10,17,19
"elytra","november",2764,691,11,20,5
"linlew","june",2765,692,6,1,6
"elytra","november",2766,692,7,4,19
"poasec","may",2767,692,10,17,11
"vendub","june",2768,692,11,20,12
"ratcol","august",2769,693,6,1,11
"centsto","august",2770,693,7,4,10
"psespi","june",2771,693,10,17,14
"poasec","september",2772,693,11,20,3
"elytra","august",2773,694,6,1,17
"brotec","april",2774,694,7,4,5
"poasec","june",2775,694,10,17,11
"brotec","july",2776,694,11,20,15
"vendub","may",2777,695,6,1,17
"elytra","november",2778,695,7,4,1
"brotec","may",2779,695,10,17,12
"achmil","august",2780,695,11,20,14
"centsto","september",2781,696,6,1,15
"centsto","june",2782,696,7,4,17
"achmil","august",2783,696,10,17,7
"elytra","may",2784,696,11,20,8
"brotec","july",2785,697,6,1,10
"linlew","july",2786,697,7,4,11
"ratcol","june",2787,697,10,17,18
"linlew","july",2788,697,11,20,4
"gaiari","november",2789,698,6,1,2
"elytra","august",2790,698,7,4,8
"achmil","september",2791,698,10,17,7
"psespi","september",2792,698,11,20,1
"psespi","september",2793,699,6,1,3
"brotec","september",2794,699,7,4,8
"linlew","may",2795,699,10,17,20
"ratcol","july",2796,699,11,20,14
"psespi","april",2797,700,6,1,14
"elytra","september",2798,700,7,4,7
"vendub","september",2799,700,10,17,4
"centsto","november",2800,700,11,20,1
